customer_id,first_name,last_name,email,country,loyalty_tier,loyalty_points
CUST-1001,Ava,Mitchell,ava.mitchell@example.com,US,Gold,1480
CUST-1002,Noah,Bennett,noah.bennett@example.com,US,Silver,620
CUST-1003,Mia,Fletcher,mia.fletcher@example.com,CA,Bronze,140
CUST-1004,Liam,Okafor,liam.okafor@example.com,GB,Silver,880
CUST-1005,Zoe,Harrington,zoe.harrington@example.com,US,Bronze,35
CUST-1006,Elias,Novak,elias.novak@example.com,DE,Gold,2310
CUST-1007,Sofia,Ramirez,sofia.ramirez@example.com,ES,Bronze,410
CUST-1008,Jonas,Lindqvist,jonas.lindqvist@example.com,SE,Silver,760
CUST-1009,Priya,Raman,priya.raman@example.com,US,Bronze,90
CUST-1010,Owen,Caldwell,owen.caldwell@example.com,AU,Gold,1975
