line_id,order_id,product_id,sku,product_name,quantity,unit_price_eur,line_total_eur,batch_number,expiry_date,is_opened
LINE-5001,ORD-100001,PROD-2001,AB-FA-2001,Calendula Cleansing gel,1,11.90,11.90,B866535,2028-12-19,Yes
LINE-5002,ORD-100002,PROD-2025,AB-BO-2025,Angelica Body lotion,1,14.02,14.02,B512215,2028-02-23,Unknown
LINE-5003,ORD-100002,PROD-2055,AB-FR-2055,Meadowsweet Eau de toilette,2,26.83,53.66,B357540,2028-05-08,Unknown
LINE-5004,ORD-100003,PROD-2010,AB-FA-2010,Prickly pear Night cream,1,26.51,26.51,B378414,2029-07-20,Yes
LINE-5005,ORD-100004,PROD-2070,AB-MA-2070,Rosehip Tinted balm,1,23.71,23.71,B160765,2029-03-12,Yes
LINE-5006,ORD-100005,PROD-2085,AB-ME-2085,Linden Face fluid,1,21.05,21.05,B823596,2029-01-15,Unknown
LINE-5007,ORD-100005,PROD-2025,AB-BO-2025,Angelica Body lotion,1,14.02,14.02,B370735,2029-07-02,Unknown
LINE-5008,ORD-100006,PROD-2040,AB-HA-2040,Angelica Shampoo,1,8.98,8.98,B990799,2028-10-22,Unknown
LINE-5009,ORD-100007,PROD-2055,AB-FR-2055,Meadowsweet Eau de toilette,1,26.83,26.83,B585453,2027-08-11,No
LINE-5010,ORD-100007,PROD-2090,AB-ME-2090,Cornflower Hand cream (gift size),1,0.00,0.00,B983352,2027-12-13,No
LINE-5011,ORD-100008,PROD-2025,AB-BO-2025,Angelica Body lotion,1,14.02,14.02,B656323,2027-11-08,Unknown
LINE-5012,ORD-100009,PROD-2070,AB-MA-2070,Rosehip Tinted balm,1,23.71,23.71,B548893,2029-05-09,Unknown
LINE-5013,ORD-100010,PROD-2019,AB-FA-2019,Cornflower Face mask,1,22.53,22.53,B695713,2027-07-30,Yes
LINE-5014,ORD-100010,PROD-2039,AB-BO-2039,Camelina Body oil,1,5.01,5.01,B371179,2029-08-02,No
LINE-5015,ORD-100010,PROD-2079,AB-MA-2079,Green tea Blush,2,14.54,29.08,B856839,2028-01-09,Yes
LINE-5016,ORD-100011,PROD-2031,AB-BO-2031,Chicory root Body scrub,1,25.46,25.46,B830290,2029-01-23,No
LINE-5017,ORD-100012,PROD-2021,AB-FA-2021,Calendula Face mask,2,40.82,81.64,B860636,2028-09-14,No
LINE-5018,ORD-100012,PROD-2055,AB-FR-2055,Meadowsweet Eau de toilette,2,26.83,53.66,B743759,2028-09-23,Yes
LINE-5019,ORD-100012,PROD-2092,AB-ME-2092,Calendula After-shave balm,2,9.14,18.28,B524592,2028-01-13,No
LINE-5020,ORD-100012,PROD-2080,AB-MA-2080,Camelina Blush,1,8.80,8.80,B376957,2029-07-07,No
LINE-5021,ORD-100013,PROD-2018,AB-FA-2018,Angelica Eye contour,2,10.47,20.94,B852264,2028-05-08,Yes
LINE-5022,ORD-100013,PROD-2075,AB-MA-2075,Chicory root Mascara,2,27.82,55.64,B394631,2027-08-27,No
LINE-5023,ORD-100014,PROD-2071,AB-MA-2071,Calendula Tinted balm,1,14.25,14.25,B751096,2029-01-02,Unknown
LINE-5024,ORD-100014,PROD-2031,AB-BO-2031,Chicory root Body scrub,1,25.46,25.46,B458385,2027-08-18,Unknown
LINE-5025,ORD-100014,PROD-2025,AB-BO-2025,Angelica Body lotion,2,14.02,28.04,B774923,2028-04-11,Unknown
LINE-5026,ORD-100015,PROD-2037,AB-BO-2037,White lupin Body oil,1,25.34,25.34,B124321,2028-04-28,Yes
LINE-5027,ORD-100016,PROD-2082,AB-MA-2082,Hemp seed Brow pencil,2,8.71,17.42,B371552,2027-08-26,No
LINE-5028,ORD-100016,PROD-2008,AB-FA-2008,Elderflower Day cream,1,14.72,14.72,B104865,2029-09-03,Yes
LINE-5029,ORD-100016,PROD-2068,AB-MA-2068,Green tea Lipstick,1,21.48,21.48,B499982,2029-01-22,No
LINE-5030,ORD-100017,PROD-2012,AB-FA-2012,Chicory root Night cream,1,38.74,38.74,B468607,2027-08-08,No
LINE-5031,ORD-100018,PROD-2033,AB-BO-2033,White lupin Body scrub,1,5.51,5.51,B743093,2028-10-17,Unknown
LINE-5032,ORD-100018,PROD-2073,AB-MA-2073,Cornflower Mascara,1,28.43,28.43,B321762,2028-04-17,Unknown
LINE-5033,ORD-100018,PROD-2009,AB-FA-2009,Linden Day cream,1,34.86,34.86,B436948,2027-07-01,Unknown
LINE-5034,ORD-100019,PROD-2017,AB-FA-2017,Elderflower Eye contour,1,34.84,34.84,B225673,2027-07-09,No
LINE-5035,ORD-100019,PROD-2029,AB-BO-2029,Blackcurrant Shower gel,1,11.04,11.04,B549702,2029-09-26,No
LINE-5036,ORD-100019,PROD-2062,AB-FR-2062,Camelina Scented mist,2,26.19,52.38,B386160,2029-03-27,No
LINE-5037,ORD-100019,PROD-2035,AB-BO-2035,Angelica Hand cream,1,13.74,13.74,B229871,2028-06-18,No
LINE-5038,ORD-100020,PROD-2085,AB-ME-2085,Linden Face fluid,1,21.05,21.05,B932133,2029-05-23,Unknown
LINE-5039,ORD-100020,PROD-2011,AB-FA-2011,Green tea Night cream,1,32.45,32.45,B966322,2029-09-20,Unknown
LINE-5040,ORD-100020,PROD-2076,AB-MA-2076,Linden Foundation,1,28.23,28.23,B461801,2029-01-27,Unknown
LINE-5041,ORD-100020,PROD-2006,AB-FA-2006,Blackcurrant Micellar water,1,22.28,22.28,B315116,2028-04-22,Unknown
LINE-5042,ORD-100021,PROD-2078,AB-MA-2078,Sea fennel Foundation,1,21.25,21.25,B454967,2029-09-24,Yes
LINE-5043,ORD-100021,PROD-2058,AB-FR-2058,Chicory root Eau de parfum,1,58.62,58.62,B318408,2028-07-28,No
LINE-5044,ORD-100021,PROD-2066,AB-FR-2066,Cornflower Solid perfume,1,27.83,27.83,B760297,2027-11-25,No
LINE-5045,ORD-100022,PROD-2048,AB-HA-2048,Green tea Hair mask,1,18.89,18.89,B330784,2027-12-30,Unknown
LINE-5046,ORD-100022,PROD-2004,AB-FA-2004,Angelica Micellar water,1,20.59,20.59,B421838,2029-03-23,Unknown
LINE-5047,ORD-100023,PROD-2012,AB-FA-2012,Chicory root Night cream,2,38.74,77.48,B651373,2029-07-18,No
LINE-5048,ORD-100023,PROD-2062,AB-FR-2062,Camelina Scented mist,1,26.19,26.19,B450256,2029-09-21,Yes
LINE-5049,ORD-100024,PROD-2011,AB-FA-2011,Green tea Night cream,1,32.45,32.45,B497236,2028-03-23,Unknown
LINE-5050,ORD-100024,PROD-2023,AB-FA-2023,Elderflower Exfoliant,1,30.97,30.97,B169987,2028-05-27,Unknown
LINE-5051,ORD-100025,PROD-2060,AB-FR-2060,Oat kernel Eau de parfum,2,18.32,36.64,B273875,2028-01-08,Yes
LINE-5052,ORD-100025,PROD-2055,AB-FR-2055,Meadowsweet Eau de toilette,1,26.83,26.83,B848569,2027-09-05,Yes
LINE-5053,ORD-100025,PROD-2037,AB-BO-2037,White lupin Body oil,1,25.34,25.34,B801962,2029-09-01,No
LINE-5054,ORD-100025,PROD-2005,AB-FA-2005,Oat kernel Micellar water,1,26.21,26.21,B735682,2029-08-12,No
LINE-5055,ORD-100026,PROD-2055,AB-FR-2055,Meadowsweet Eau de toilette,1,26.83,26.83,B669070,2028-09-01,Yes
LINE-5056,ORD-100027,PROD-2091,AB-ME-2091,Prickly pear After-shave balm,2,24.63,49.26,B576535,2028-03-14,No
LINE-5057,ORD-100027,PROD-2015,AB-FA-2015,Chicory root Serum,1,12.88,12.88,B586063,2029-09-23,Yes
LINE-5058,ORD-100028,PROD-2025,AB-BO-2025,Angelica Body lotion,2,14.02,28.04,B285225,2028-01-24,No
LINE-5059,ORD-100029,PROD-2082,AB-MA-2082,Hemp seed Brow pencil,2,8.71,17.42,B246654,2028-04-09,No
LINE-5060,ORD-100030,PROD-2074,AB-MA-2074,Prickly pear Mascara,2,12.61,25.22,B499821,2028-11-23,No
LINE-5061,ORD-100030,PROD-2016,AB-FA-2016,Prickly pear Eye contour,1,28.35,28.35,B641759,2027-12-06,No
LINE-5062,ORD-100031,PROD-2007,AB-FA-2007,Calendula Day cream,2,10.45,20.90,B602177,2029-10-18,Unknown
LINE-5063,ORD-100032,PROD-2063,AB-FR-2063,Linden Scented mist,1,25.67,25.67,B673330,2029-10-17,No
LINE-5064,ORD-100032,PROD-2017,AB-FA-2017,Elderflower Eye contour,2,34.84,69.68,B334520,2028-08-04,No
LINE-5065,ORD-100032,PROD-2012,AB-FA-2012,Chicory root Night cream,1,38.74,38.74,B595215,2029-08-20,Yes
LINE-5066,ORD-100033,PROD-2026,AB-BO-2026,Cornflower Body lotion,1,11.73,11.73,B764285,2028-06-08,No
LINE-5067,ORD-100033,PROD-2036,AB-BO-2036,Calendula Hand cream,1,8.87,8.87,B499873,2029-10-26,Yes
LINE-5068,ORD-100033,PROD-2044,AB-HA-2044,Prickly pear Conditioner,1,7.21,7.21,B696215,2027-12-30,Yes
LINE-5069,ORD-100034,PROD-2004,AB-FA-2004,Angelica Micellar water,1,20.59,20.59,B443098,2029-05-08,Yes
LINE-5070,ORD-100035,PROD-2016,AB-FA-2016,Prickly pear Eye contour,2,28.35,56.70,B104504,2028-10-23,Unknown
LINE-5071,ORD-100035,PROD-2051,AB-HA-2051,Green tea Scalp treatment,1,23.91,23.91,B360958,2028-09-28,Unknown
LINE-5072,ORD-100035,PROD-2046,AB-HA-2046,Meadowsweet Hair mask,1,17.67,17.67,B567041,2027-08-15,Unknown
LINE-5073,ORD-100036,PROD-2026,AB-BO-2026,Cornflower Body lotion,1,11.73,11.73,B955054,2029-05-07,No
LINE-5074,ORD-100037,PROD-2044,AB-HA-2044,Prickly pear Conditioner,1,7.21,7.21,B787033,2028-03-14,Unknown
LINE-5075,ORD-100037,PROD-2074,AB-MA-2074,Prickly pear Mascara,1,12.61,12.61,B218598,2029-01-04,Unknown
LINE-5076,ORD-100037,PROD-2025,AB-BO-2025,Angelica Body lotion,1,14.02,14.02,B415713,2028-06-07,Unknown
LINE-5077,ORD-100037,PROD-2002,AB-FA-2002,Prickly pear Cleansing gel,2,17.82,35.64,B333956,2028-03-12,Unknown
LINE-5078,ORD-100038,PROD-2029,AB-BO-2029,Blackcurrant Shower gel,2,11.04,22.08,B190344,2028-04-25,Unknown
LINE-5079,ORD-100038,PROD-2059,AB-FR-2059,Sea fennel Eau de parfum,1,21.28,21.28,B298563,2029-03-16,Unknown
LINE-5080,ORD-100038,PROD-2072,AB-MA-2072,Sweet almond Tinted balm,2,18.11,36.22,B302687,2027-07-27,Unknown
LINE-5081,ORD-100039,PROD-2067,AB-MA-2067,Cornflower Lipstick,1,27.10,27.10,B380485,2029-05-13,Unknown
LINE-5082,ORD-100040,PROD-2062,AB-FR-2062,Camelina Scented mist,1,26.19,26.19,B396923,2028-03-09,Yes
LINE-5083,ORD-100040,PROD-2003,AB-FA-2003,Elderflower Cleansing gel,1,17.22,17.22,B885597,2029-06-17,No
LINE-5084,ORD-100040,PROD-2059,AB-FR-2059,Sea fennel Eau de parfum,1,21.28,21.28,B435348,2029-03-21,No
LINE-5085,ORD-100041,PROD-2007,AB-FA-2007,Calendula Day cream,1,10.45,10.45,B862353,2029-01-14,Unknown
LINE-5086,ORD-100041,PROD-2039,AB-BO-2039,Camelina Body oil,2,5.01,10.02,B801511,2029-08-05,Unknown
LINE-5087,ORD-100041,PROD-2020,AB-FA-2020,Camelina Face mask,1,22.16,22.16,B163033,2029-10-31,Unknown
LINE-5088,ORD-100041,PROD-2006,AB-FA-2006,Blackcurrant Micellar water,1,22.28,22.28,B110771,2029-01-01,Unknown
LINE-5089,ORD-100042,PROD-2024,AB-FA-2024,Blackcurrant Exfoliant,2,31.09,62.18,B380657,2028-08-24,Unknown
LINE-5090,ORD-100042,PROD-2087,AB-ME-2087,Meadowsweet Face fluid,1,10.32,10.32,B829473,2028-05-26,Unknown
LINE-5091,ORD-100043,PROD-2063,AB-FR-2063,Linden Scented mist,1,25.67,25.67,B997422,2029-09-17,No
LINE-5092,ORD-100043,PROD-2071,AB-MA-2071,Calendula Tinted balm,1,14.25,14.25,B632539,2028-08-25,No
LINE-5093,ORD-100043,PROD-2005,AB-FA-2005,Oat kernel Micellar water,1,26.21,26.21,B383748,2028-11-15,No
LINE-5094,ORD-100043,PROD-2068,AB-MA-2068,Green tea Lipstick,1,21.48,21.48,B433989,2027-08-05,Yes
LINE-5095,ORD-100044,PROD-2060,AB-FR-2060,Oat kernel Eau de parfum,1,18.32,18.32,B252468,2028-03-08,No
LINE-5096,ORD-100044,PROD-2046,AB-HA-2046,Meadowsweet Hair mask,2,17.67,35.34,B594334,2029-11-16,Yes
LINE-5097,ORD-100045,PROD-2034,AB-BO-2034,Linden Hand cream,1,13.28,13.28,B518401,2029-08-18,No
LINE-5098,ORD-100046,PROD-2081,AB-MA-2081,Rosehip Blush,1,25.14,25.14,B597042,2029-09-26,Yes
LINE-5099,ORD-100046,PROD-2059,AB-FR-2059,Sea fennel Eau de parfum,1,21.28,21.28,B481802,2029-09-28,No
LINE-5100,ORD-100046,PROD-2082,AB-MA-2082,Hemp seed Brow pencil,1,8.71,8.71,B417371,2027-12-26,Yes
LINE-5101,ORD-100046,PROD-2083,AB-MA-2083,Prickly pear Brow pencil,2,11.31,22.62,B268169,2029-08-18,No
LINE-5102,ORD-100047,PROD-2082,AB-MA-2082,Hemp seed Brow pencil,1,8.71,8.71,B706739,2028-08-17,No
LINE-5103,ORD-100047,PROD-2089,AB-ME-2089,Angelica Shave gel,1,15.69,15.69,B731755,2029-10-03,No
LINE-5104,ORD-100047,PROD-2071,AB-MA-2071,Calendula Tinted balm,2,14.25,28.50,B139628,2027-10-01,No
LINE-5105,ORD-100048,PROD-2010,AB-FA-2010,Prickly pear Night cream,1,26.51,26.51,B160161,2028-11-21,No
LINE-5106,ORD-100049,PROD-2015,AB-FA-2015,Chicory root Serum,1,12.88,12.88,B879514,2028-09-07,No
LINE-5107,ORD-100049,PROD-2011,AB-FA-2011,Green tea Night cream,1,32.45,32.45,B503974,2027-07-18,Yes
LINE-5108,ORD-100049,PROD-2012,AB-FA-2012,Chicory root Night cream,2,38.74,77.48,B401607,2029-04-23,Yes
LINE-5109,ORD-100050,PROD-2007,AB-FA-2007,Calendula Day cream,2,10.45,20.90,B133283,2027-09-16,Unknown
LINE-5110,ORD-100050,PROD-2005,AB-FA-2005,Oat kernel Micellar water,1,26.21,26.21,B193556,2028-06-14,Unknown
LINE-5111,ORD-100050,PROD-2036,AB-BO-2036,Calendula Hand cream,1,8.87,8.87,B126553,2028-05-13,Unknown
LINE-5112,ORD-100050,PROD-2087,AB-ME-2087,Meadowsweet Face fluid,1,10.32,10.32,B927183,2027-09-22,Unknown
LINE-5113,ORD-100051,PROD-2092,AB-ME-2092,Calendula After-shave balm,1,9.14,9.14,B472876,2028-04-10,No
LINE-5114,ORD-100052,PROD-2082,AB-MA-2082,Hemp seed Brow pencil,1,8.71,8.71,B287183,2028-03-15,Unknown
LINE-5115,ORD-100052,PROD-2081,AB-MA-2081,Rosehip Blush,1,25.14,25.14,B622695,2029-02-23,Unknown
LINE-5116,ORD-100052,PROD-2095,AB-ME-2095,Camelina Hair and body wash,1,20.85,20.85,B904717,2028-05-21,Unknown
LINE-5117,ORD-100052,PROD-2091,AB-ME-2091,Prickly pear After-shave balm,1,24.63,24.63,B980885,2027-10-24,Unknown
LINE-5118,ORD-100053,PROD-2061,AB-FR-2061,Oat kernel Scented mist,1,41.58,41.58,B271103,2027-09-25,No
LINE-5119,ORD-100053,PROD-2024,AB-FA-2024,Blackcurrant Exfoliant,1,31.09,31.09,B171762,2029-09-17,Yes
LINE-5120,ORD-100053,PROD-2015,AB-FA-2015,Chicory root Serum,1,12.88,12.88,B792040,2029-05-31,Yes
LINE-5121,ORD-100053,PROD-2095,AB-ME-2095,Camelina Hair and body wash,1,20.85,20.85,B110733,2027-07-26,No
LINE-5122,ORD-100054,PROD-2009,AB-FA-2009,Linden Day cream,1,34.86,34.86,B150866,2028-04-02,No
LINE-5123,ORD-100054,PROD-2044,AB-HA-2044,Prickly pear Conditioner,2,7.21,14.42,B479112,2029-06-20,No
LINE-5124,ORD-100054,PROD-2078,AB-MA-2078,Sea fennel Foundation,1,21.25,21.25,B737848,2028-03-13,No
LINE-5125,ORD-100055,PROD-2035,AB-BO-2035,Angelica Hand cream,1,13.74,13.74,B696848,2029-06-29,Unknown
LINE-5126,ORD-100055,PROD-2006,AB-FA-2006,Blackcurrant Micellar water,1,22.28,22.28,B476768,2029-04-01,Unknown
LINE-5127,ORD-100055,PROD-2008,AB-FA-2008,Elderflower Day cream,2,14.72,29.44,B941360,2028-08-23,Unknown
LINE-5128,ORD-100056,PROD-2087,AB-ME-2087,Meadowsweet Face fluid,1,10.32,10.32,B873217,2029-05-05,No
LINE-5129,ORD-100056,PROD-2095,AB-ME-2095,Camelina Hair and body wash,1,20.85,20.85,B275794,2028-04-08,No
LINE-5130,ORD-100056,PROD-2028,AB-BO-2028,Hemp seed Shower gel,2,7.40,14.80,B836249,2029-06-06,No
LINE-5131,ORD-100056,PROD-2072,AB-MA-2072,Sweet almond Tinted balm,1,18.11,18.11,B672131,2029-03-22,Yes
LINE-5132,ORD-100057,PROD-2018,AB-FA-2018,Angelica Eye contour,1,10.47,10.47,B768233,2029-10-12,Unknown
LINE-5133,ORD-100057,PROD-2037,AB-BO-2037,White lupin Body oil,1,25.34,25.34,B688651,2029-09-23,Unknown
LINE-5134,ORD-100058,PROD-2095,AB-ME-2095,Camelina Hair and body wash,1,20.85,20.85,B554070,2029-08-29,Yes
LINE-5135,ORD-100058,PROD-2092,AB-ME-2092,Calendula After-shave balm,1,9.14,9.14,B174769,2029-10-16,Yes
LINE-5136,ORD-100058,PROD-2087,AB-ME-2087,Meadowsweet Face fluid,1,10.32,10.32,B639503,2029-03-13,No
LINE-5137,ORD-100058,PROD-2077,AB-MA-2077,Prickly pear Foundation,2,25.58,51.16,B161797,2029-06-17,No
LINE-5138,ORD-100059,PROD-2035,AB-BO-2035,Angelica Hand cream,2,13.74,27.48,B183771,2027-07-23,No
LINE-5139,ORD-100059,PROD-2087,AB-ME-2087,Meadowsweet Face fluid,1,10.32,10.32,B309449,2029-06-05,No
LINE-5140,ORD-100059,PROD-2070,AB-MA-2070,Rosehip Tinted balm,1,23.71,23.71,B160235,2029-01-14,No
LINE-5141,ORD-100060,PROD-2091,AB-ME-2091,Prickly pear After-shave balm,1,24.63,24.63,B235320,2028-05-20,No
LINE-5142,ORD-100060,PROD-2070,AB-MA-2070,Rosehip Tinted balm,1,23.71,23.71,B338430,2027-11-30,Yes
LINE-5143,ORD-100060,PROD-2069,AB-MA-2069,Prickly pear Lipstick,1,9.78,9.78,B684361,2028-03-19,No
LINE-5144,ORD-100061,PROD-2063,AB-FR-2063,Linden Scented mist,2,25.67,51.34,B617659,2029-03-10,No
LINE-5145,ORD-100061,PROD-2002,AB-FA-2002,Prickly pear Cleansing gel,1,17.82,17.82,B526518,2027-09-06,No
LINE-5146,ORD-100061,PROD-2033,AB-BO-2033,White lupin Body scrub,1,5.51,5.51,B466708,2028-10-19,No
LINE-5147,ORD-100061,PROD-2067,AB-MA-2067,Cornflower Lipstick,1,27.10,27.10,B643405,2028-05-01,Yes
LINE-5148,ORD-100062,PROD-2069,AB-MA-2069,Prickly pear Lipstick,1,9.78,9.78,B413600,2029-05-17,No
LINE-5149,ORD-100062,PROD-2031,AB-BO-2031,Chicory root Body scrub,1,25.46,25.46,B604528,2028-10-08,No
LINE-5150,ORD-100063,PROD-2089,AB-ME-2089,Angelica Shave gel,2,15.69,31.38,B851018,2028-09-06,No
LINE-5151,ORD-100063,PROD-2036,AB-BO-2036,Calendula Hand cream,1,8.87,8.87,B151394,2029-09-15,Yes
LINE-5152,ORD-100064,PROD-2005,AB-FA-2005,Oat kernel Micellar water,1,26.21,26.21,B459705,2029-05-24,No
LINE-5153,ORD-100064,PROD-2088,AB-ME-2088,Sweet almond Shave gel,2,20.11,40.22,B551614,2028-12-27,No
LINE-5154,ORD-100064,PROD-2004,AB-FA-2004,Angelica Micellar water,1,20.59,20.59,B663782,2028-12-26,No
LINE-5155,ORD-100064,PROD-2025,AB-BO-2025,Angelica Body lotion,1,14.02,14.02,B723924,2027-11-02,No
LINE-5156,ORD-100065,PROD-2065,AB-FR-2065,Sweet almond Solid perfume,2,21.01,42.02,B286349,2028-05-09,No
LINE-5157,ORD-100065,PROD-2065,AB-FR-2065,Sweet almond Solid perfume,2,21.01,42.02,B157530,2029-04-26,No
LINE-5158,ORD-100066,PROD-2046,AB-HA-2046,Meadowsweet Hair mask,1,17.67,17.67,B321524,2028-03-01,No
LINE-5159,ORD-100067,PROD-2054,AB-HA-2054,Blackcurrant Hair oil,1,10.66,10.66,B270617,2027-11-02,Yes
LINE-5160,ORD-100068,PROD-2056,AB-FR-2056,Poppy Eau de toilette,1,50.02,50.02,B202679,2028-02-09,No
LINE-5161,ORD-100068,PROD-2091,AB-ME-2091,Prickly pear After-shave balm,1,24.63,24.63,B264157,2029-11-08,No
LINE-5162,ORD-100068,PROD-2095,AB-ME-2095,Camelina Hair and body wash,2,20.85,41.70,B328578,2029-11-10,Yes
LINE-5163,ORD-100069,PROD-2093,AB-ME-2093,Elderflower After-shave balm,1,15.66,15.66,B959980,2029-10-09,Unknown
LINE-5164,ORD-100069,PROD-2039,AB-BO-2039,Camelina Body oil,1,5.01,5.01,B827289,2029-04-26,Unknown
LINE-5165,ORD-100069,PROD-2096,AB-ME-2096,Chicory root Hair and body wash,1,9.29,9.29,B679848,2028-07-30,Unknown
LINE-5166,ORD-100070,PROD-2070,AB-MA-2070,Rosehip Tinted balm,1,23.71,23.71,B750379,2029-10-07,Unknown
LINE-5167,ORD-100070,PROD-2092,AB-ME-2092,Calendula After-shave balm,1,9.14,9.14,B471533,2028-06-19,Unknown
LINE-5168,ORD-100070,PROD-2019,AB-FA-2019,Cornflower Face mask,2,22.53,45.06,B986291,2027-07-16,Unknown
LINE-5169,ORD-100071,PROD-2096,AB-ME-2096,Chicory root Hair and body wash,1,9.29,9.29,B332528,2027-07-07,Unknown
LINE-5170,ORD-100071,PROD-2028,AB-BO-2028,Hemp seed Shower gel,1,7.40,7.40,B354821,2029-04-22,Unknown
LINE-5171,ORD-100071,PROD-2087,AB-ME-2087,Meadowsweet Face fluid,2,10.32,20.64,B927832,2028-02-19,Unknown
LINE-5172,ORD-100071,PROD-2073,AB-MA-2073,Cornflower Mascara,1,28.43,28.43,B791462,2028-08-09,Unknown
LINE-5173,ORD-100072,PROD-2055,AB-FR-2055,Meadowsweet Eau de toilette,1,26.83,26.83,B860171,2029-10-02,No
LINE-5174,ORD-100073,PROD-2075,AB-MA-2075,Chicory root Mascara,1,27.82,27.82,B245063,2029-01-29,No
LINE-5175,ORD-100073,PROD-2078,AB-MA-2078,Sea fennel Foundation,1,21.25,21.25,B587623,2028-03-27,Yes
LINE-5176,ORD-100073,PROD-2031,AB-BO-2031,Chicory root Body scrub,1,25.46,25.46,B165841,2029-03-11,No
LINE-5177,ORD-100074,PROD-2096,AB-ME-2096,Chicory root Hair and body wash,2,9.29,18.58,B737433,2027-09-23,No
LINE-5178,ORD-100074,PROD-2054,AB-HA-2054,Blackcurrant Hair oil,2,10.66,21.32,B632674,2027-07-20,No
LINE-5179,ORD-100074,PROD-2068,AB-MA-2068,Green tea Lipstick,1,21.48,21.48,B843866,2028-12-09,Yes
LINE-5180,ORD-100075,PROD-2002,AB-FA-2002,Prickly pear Cleansing gel,2,17.82,35.64,B271957,2028-05-07,No
LINE-5181,ORD-100075,PROD-2029,AB-BO-2029,Blackcurrant Shower gel,1,11.04,11.04,B193736,2028-07-03,No
LINE-5182,ORD-100075,PROD-2011,AB-FA-2011,Green tea Night cream,2,32.45,64.90,B588288,2029-03-05,Yes
LINE-5183,ORD-100076,PROD-2075,AB-MA-2075,Chicory root Mascara,1,27.82,27.82,B620713,2028-03-17,No
LINE-5184,ORD-100077,PROD-2075,AB-MA-2075,Chicory root Mascara,1,27.82,27.82,B847390,2028-11-10,No
LINE-5185,ORD-100077,PROD-2046,AB-HA-2046,Meadowsweet Hair mask,1,17.67,17.67,B226872,2027-07-13,Yes
LINE-5186,ORD-100078,PROD-2043,AB-HA-2043,Rosehip Conditioner,1,10.56,10.56,B453342,2029-03-23,No
LINE-5187,ORD-100078,PROD-2020,AB-FA-2020,Camelina Face mask,1,22.16,22.16,B124518,2028-02-17,No
LINE-5188,ORD-100078,PROD-2087,AB-ME-2087,Meadowsweet Face fluid,1,10.32,10.32,B419053,2028-04-20,No
LINE-5189,ORD-100078,PROD-2093,AB-ME-2093,Elderflower After-shave balm,1,15.66,15.66,B261780,2029-01-12,No
LINE-5190,ORD-100079,PROD-2054,AB-HA-2054,Blackcurrant Hair oil,2,10.66,21.32,B562806,2029-08-02,No
LINE-5191,ORD-100080,PROD-2072,AB-MA-2072,Sweet almond Tinted balm,1,18.11,18.11,B536719,2028-01-10,No
LINE-5192,ORD-100080,PROD-2067,AB-MA-2067,Cornflower Lipstick,1,27.10,27.10,B238552,2029-05-06,No
LINE-5193,ORD-100080,PROD-2034,AB-BO-2034,Linden Hand cream,2,13.28,26.56,B144908,2028-04-04,No
LINE-5194,ORD-100081,PROD-2008,AB-FA-2008,Elderflower Day cream,1,14.72,14.72,B976438,2027-09-01,No
LINE-5195,ORD-100081,PROD-2066,AB-FR-2066,Cornflower Solid perfume,1,27.83,27.83,B741257,2028-09-12,Yes
LINE-5196,ORD-100081,PROD-2018,AB-FA-2018,Angelica Eye contour,1,10.47,10.47,B728194,2029-03-21,Yes
LINE-5197,ORD-100081,PROD-2027,AB-BO-2027,Poppy Body lotion,1,20.05,20.05,B955247,2028-09-03,Yes
LINE-5198,ORD-100082,PROD-2020,AB-FA-2020,Camelina Face mask,1,22.16,22.16,B856367,2028-01-08,Unknown
LINE-5199,ORD-100082,PROD-2001,AB-FA-2001,Calendula Cleansing gel,1,11.90,11.90,B795230,2029-09-15,Unknown
LINE-5200,ORD-100082,PROD-2080,AB-MA-2080,Camelina Blush,1,8.80,8.80,B391777,2028-09-09,Unknown
LINE-5201,ORD-100082,PROD-2028,AB-BO-2028,Hemp seed Shower gel,1,7.40,7.40,B779584,2028-09-12,Unknown
LINE-5202,ORD-100083,PROD-2088,AB-ME-2088,Sweet almond Shave gel,1,20.11,20.11,B442111,2028-06-18,Unknown
LINE-5203,ORD-100083,PROD-2007,AB-FA-2007,Calendula Day cream,1,10.45,10.45,B275204,2029-02-28,Unknown
LINE-5204,ORD-100084,PROD-2001,AB-FA-2001,Calendula Cleansing gel,1,11.90,11.90,B320489,2028-09-02,No
LINE-5205,ORD-100085,PROD-2009,AB-FA-2009,Linden Day cream,1,34.86,34.86,B193517,2028-09-13,Yes
LINE-5206,ORD-100085,PROD-2020,AB-FA-2020,Camelina Face mask,1,22.16,22.16,B213138,2027-12-21,Yes
LINE-5207,ORD-100085,PROD-2056,AB-FR-2056,Poppy Eau de toilette,1,50.02,50.02,B603678,2028-06-05,Yes
LINE-5208,ORD-100086,PROD-2052,AB-HA-2052,Elderflower Hair oil,1,16.82,16.82,B567900,2027-08-19,Unknown
LINE-5209,ORD-100086,PROD-2027,AB-BO-2027,Poppy Body lotion,1,20.05,20.05,B253559,2029-05-17,Unknown
LINE-5210,ORD-100086,PROD-2061,AB-FR-2061,Oat kernel Scented mist,1,41.58,41.58,B429708,2029-01-23,Unknown
LINE-5211,ORD-100086,PROD-2019,AB-FA-2019,Cornflower Face mask,1,22.53,22.53,B206241,2027-08-20,Unknown
LINE-5212,ORD-100087,PROD-2091,AB-ME-2091,Prickly pear After-shave balm,1,24.63,24.63,B575430,2028-11-02,No
LINE-5213,ORD-100087,PROD-2023,AB-FA-2023,Elderflower Exfoliant,1,30.97,30.97,B995828,2029-04-01,No
LINE-5214,ORD-100088,PROD-2023,AB-FA-2023,Elderflower Exfoliant,1,30.97,30.97,B594743,2028-06-12,No
LINE-5215,ORD-100089,PROD-2080,AB-MA-2080,Camelina Blush,1,8.80,8.80,B351511,2029-07-16,Yes
LINE-5216,ORD-100090,PROD-2058,AB-FR-2058,Chicory root Eau de parfum,1,58.62,58.62,B929650,2029-06-07,Yes
LINE-5217,ORD-100091,PROD-2076,AB-MA-2076,Linden Foundation,1,28.23,28.23,B749705,2027-07-20,No
LINE-5218,ORD-100091,PROD-2012,AB-FA-2012,Chicory root Night cream,2,38.74,77.48,B530675,2028-07-03,Yes
LINE-5219,ORD-100091,PROD-2015,AB-FA-2015,Chicory root Serum,1,12.88,12.88,B420885,2028-11-07,No
LINE-5220,ORD-100092,PROD-2021,AB-FA-2021,Calendula Face mask,2,40.82,81.64,B940302,2028-03-22,Unknown
LINE-5221,ORD-100092,PROD-2094,AB-ME-2094,Cornflower Hair and body wash,2,23.19,46.38,B273142,2027-11-10,Unknown
LINE-5222,ORD-100092,PROD-2048,AB-HA-2048,Green tea Hair mask,1,18.89,18.89,B172861,2029-09-29,Unknown
LINE-5223,ORD-100093,PROD-2024,AB-FA-2024,Blackcurrant Exfoliant,2,31.09,62.18,B739296,2029-05-26,Yes
LINE-5224,ORD-100093,PROD-2091,AB-ME-2091,Prickly pear After-shave balm,2,24.63,49.26,B479968,2028-07-12,Yes
LINE-5225,ORD-100093,PROD-2003,AB-FA-2003,Elderflower Cleansing gel,1,17.22,17.22,B708103,2027-11-04,Yes
LINE-5226,ORD-100094,PROD-2026,AB-BO-2026,Cornflower Body lotion,2,11.73,23.46,B933897,2028-07-14,No
LINE-5227,ORD-100095,PROD-2010,AB-FA-2010,Prickly pear Night cream,2,26.51,53.02,B253596,2027-10-29,Yes
LINE-5228,ORD-100095,PROD-2069,AB-MA-2069,Prickly pear Lipstick,2,9.78,19.56,B179539,2028-03-09,Yes
LINE-5229,ORD-100096,PROD-2075,AB-MA-2075,Chicory root Mascara,1,27.82,27.82,B377399,2029-08-25,No
LINE-5230,ORD-100096,PROD-2013,AB-FA-2013,Linden Serum,1,24.80,24.80,B535457,2028-10-04,No
LINE-5231,ORD-100097,PROD-2074,AB-MA-2074,Prickly pear Mascara,1,12.61,12.61,B276687,2027-11-23,No
LINE-5232,ORD-100097,PROD-2077,AB-MA-2077,Prickly pear Foundation,1,25.58,25.58,B893556,2028-11-09,Yes
LINE-5233,ORD-100098,PROD-2032,AB-BO-2032,Oat kernel Body scrub,1,22.76,22.76,B970679,2028-06-29,Yes
LINE-5234,ORD-100098,PROD-2093,AB-ME-2093,Elderflower After-shave balm,1,15.66,15.66,B324207,2029-06-19,No
LINE-5235,ORD-100098,PROD-2048,AB-HA-2048,Green tea Hair mask,1,18.89,18.89,B292247,2029-05-13,No
LINE-5236,ORD-100098,PROD-2006,AB-FA-2006,Blackcurrant Micellar water,1,22.28,22.28,B444291,2027-09-12,No
LINE-5237,ORD-100099,PROD-2093,AB-ME-2093,Elderflower After-shave balm,1,15.66,15.66,B880173,2028-09-04,No
LINE-5238,ORD-100100,PROD-2046,AB-HA-2046,Meadowsweet Hair mask,1,17.67,17.67,B401487,2027-08-03,No
LINE-5239,ORD-100101,PROD-2016,AB-FA-2016,Prickly pear Eye contour,1,28.35,28.35,B693158,2029-03-21,Unknown
LINE-5240,ORD-100101,PROD-2069,AB-MA-2069,Prickly pear Lipstick,1,9.78,9.78,B694399,2027-10-07,Unknown
LINE-5241,ORD-100101,PROD-2041,AB-HA-2041,Meadowsweet Shampoo,2,20.86,41.72,B870143,2029-11-15,Unknown
LINE-5242,ORD-100101,PROD-2012,AB-FA-2012,Chicory root Night cream,1,38.74,38.74,B510723,2029-10-22,Unknown
LINE-5243,ORD-100102,PROD-2096,AB-ME-2096,Chicory root Hair and body wash,2,9.29,18.58,B672545,2028-03-25,No
LINE-5244,ORD-100102,PROD-2038,AB-BO-2038,Meadowsweet Body oil,1,11.64,11.64,B192155,2027-09-14,No
LINE-5245,ORD-100102,PROD-2017,AB-FA-2017,Elderflower Eye contour,1,34.84,34.84,B612175,2029-08-17,Yes
LINE-5246,ORD-100102,PROD-2058,AB-FR-2058,Chicory root Eau de parfum,1,58.62,58.62,B218013,2028-11-01,No
LINE-5247,ORD-100103,PROD-2026,AB-BO-2026,Cornflower Body lotion,2,11.73,23.46,B187589,2028-01-05,Yes
LINE-5248,ORD-100103,PROD-2035,AB-BO-2035,Angelica Hand cream,1,13.74,13.74,B552240,2028-11-19,No
LINE-5249,ORD-100103,PROD-2068,AB-MA-2068,Green tea Lipstick,1,21.48,21.48,B215577,2027-09-30,No
LINE-5250,ORD-100104,PROD-2005,AB-FA-2005,Oat kernel Micellar water,1,26.21,26.21,B107029,2029-02-17,No
LINE-5251,ORD-100104,PROD-2001,AB-FA-2001,Calendula Cleansing gel,1,11.90,11.90,B149392,2028-08-20,No
LINE-5252,ORD-100104,PROD-2096,AB-ME-2096,Chicory root Hair and body wash,1,9.29,9.29,B696248,2028-02-28,Yes
LINE-5253,ORD-100105,PROD-2060,AB-FR-2060,Oat kernel Eau de parfum,1,18.32,18.32,B747023,2028-04-26,Yes
LINE-5254,ORD-100105,PROD-2051,AB-HA-2051,Green tea Scalp treatment,1,23.91,23.91,B747665,2028-07-15,Yes
LINE-5255,ORD-100105,PROD-2014,AB-FA-2014,Prickly pear Serum,1,11.46,11.46,B693531,2027-09-15,No
LINE-5256,ORD-100106,PROD-2041,AB-HA-2041,Meadowsweet Shampoo,1,20.86,20.86,B603587,2029-05-25,No
LINE-5257,ORD-100107,PROD-2009,AB-FA-2009,Linden Day cream,2,34.86,69.72,B784476,2027-10-20,Yes
LINE-5258,ORD-100108,PROD-2002,AB-FA-2002,Prickly pear Cleansing gel,1,17.82,17.82,B490026,2028-05-10,No
LINE-5259,ORD-100109,PROD-2043,AB-HA-2043,Rosehip Conditioner,1,10.56,10.56,B136881,2029-11-20,No
LINE-5260,ORD-100109,PROD-2009,AB-FA-2009,Linden Day cream,1,34.86,34.86,B152375,2029-03-17,Yes
LINE-5261,ORD-100110,PROD-2024,AB-FA-2024,Blackcurrant Exfoliant,1,31.09,31.09,B951457,2028-03-08,No
LINE-5262,ORD-100110,PROD-2015,AB-FA-2015,Chicory root Serum,1,12.88,12.88,B728759,2028-05-16,No
LINE-5263,ORD-100110,PROD-2052,AB-HA-2052,Elderflower Hair oil,2,16.82,33.64,B109740,2027-11-28,Yes
LINE-5264,ORD-100110,PROD-2029,AB-BO-2029,Blackcurrant Shower gel,1,11.04,11.04,B949732,2028-08-29,No
LINE-5265,ORD-100111,PROD-2007,AB-FA-2007,Calendula Day cream,1,10.45,10.45,B564381,2028-11-28,Unknown
LINE-5266,ORD-100111,PROD-2008,AB-FA-2008,Elderflower Day cream,1,14.72,14.72,B271793,2028-09-04,Unknown
LINE-5267,ORD-100111,PROD-2026,AB-BO-2026,Cornflower Body lotion,1,11.73,11.73,B211930,2029-08-21,Unknown
LINE-5268,ORD-100111,PROD-2068,AB-MA-2068,Green tea Lipstick,2,21.48,42.96,B995929,2027-06-10,Unknown
LINE-5269,ORD-100112,PROD-2064,AB-FR-2064,Elderflower Solid perfume,1,42.98,42.98,B229387,2029-02-05,Yes
LINE-5270,ORD-100112,PROD-2024,AB-FA-2024,Blackcurrant Exfoliant,2,31.09,62.18,B972792,2028-04-08,No
LINE-5271,ORD-100112,PROD-2069,AB-MA-2069,Prickly pear Lipstick,1,9.78,9.78,B696732,2028-01-10,No
LINE-5272,ORD-100112,PROD-2024,AB-FA-2024,Blackcurrant Exfoliant,1,31.09,31.09,B702936,2029-09-08,Yes
LINE-5273,ORD-100113,PROD-2027,AB-BO-2027,Poppy Body lotion,1,20.05,20.05,B551046,2028-05-13,No
LINE-5274,ORD-100113,PROD-2063,AB-FR-2063,Linden Scented mist,1,25.67,25.67,B405936,2027-09-14,No
LINE-5275,ORD-100113,PROD-2023,AB-FA-2023,Elderflower Exfoliant,1,30.97,30.97,B426202,2029-06-15,No
LINE-5276,ORD-100113,PROD-2038,AB-BO-2038,Meadowsweet Body oil,1,11.64,11.64,B400876,2028-11-25,Yes
LINE-5277,ORD-100114,PROD-2024,AB-FA-2024,Blackcurrant Exfoliant,1,31.09,31.09,B444269,2028-10-22,Yes
LINE-5278,ORD-100114,PROD-2018,AB-FA-2018,Angelica Eye contour,1,10.47,10.47,B572280,2028-09-21,Yes
LINE-5279,ORD-100115,PROD-2066,AB-FR-2066,Cornflower Solid perfume,1,27.83,27.83,B563325,2028-05-06,No
LINE-5280,ORD-100116,PROD-2088,AB-ME-2088,Sweet almond Shave gel,1,20.11,20.11,B321192,2028-08-27,No
LINE-5281,ORD-100116,PROD-2055,AB-FR-2055,Meadowsweet Eau de toilette,2,26.83,53.66,B656231,2029-02-12,Yes
LINE-5282,ORD-100116,PROD-2011,AB-FA-2011,Green tea Night cream,1,32.45,32.45,B202611,2028-05-06,No
LINE-5283,ORD-100117,PROD-2046,AB-HA-2046,Meadowsweet Hair mask,1,17.67,17.67,B658031,2027-10-31,No
LINE-5284,ORD-100118,PROD-2021,AB-FA-2021,Calendula Face mask,1,40.82,40.82,B600045,2028-01-18,Unknown
LINE-5285,ORD-100119,PROD-2078,AB-MA-2078,Sea fennel Foundation,1,21.25,21.25,B664206,2028-06-16,Unknown
LINE-5286,ORD-100119,PROD-2006,AB-FA-2006,Blackcurrant Micellar water,1,22.28,22.28,B293395,2028-08-06,Unknown
LINE-5287,ORD-100120,PROD-2087,AB-ME-2087,Meadowsweet Face fluid,2,10.32,20.64,B105936,2028-12-22,Unknown
LINE-5288,ORD-100120,PROD-2019,AB-FA-2019,Cornflower Face mask,1,22.53,22.53,B804922,2027-06-24,Unknown
LINE-5289,ORD-100121,PROD-2044,AB-HA-2044,Prickly pear Conditioner,1,7.21,7.21,B962146,2028-12-09,No
LINE-5290,ORD-100121,PROD-2065,AB-FR-2065,Sweet almond Solid perfume,1,21.01,21.01,B524454,2029-01-31,Yes
LINE-5291,ORD-100121,PROD-2063,AB-FR-2063,Linden Scented mist,1,25.67,25.67,B580960,2027-07-09,Yes
LINE-5292,ORD-100122,PROD-2049,AB-HA-2049,Sweet almond Scalp treatment,1,8.74,8.74,B750356,2028-11-20,No
LINE-5293,ORD-100122,PROD-2075,AB-MA-2075,Chicory root Mascara,1,27.82,27.82,B561519,2029-07-10,No
LINE-5294,ORD-100123,PROD-2029,AB-BO-2029,Blackcurrant Shower gel,1,11.04,11.04,B437089,2028-11-11,No
LINE-5295,ORD-100123,PROD-2064,AB-FR-2064,Elderflower Solid perfume,2,42.98,85.96,B942520,2028-12-01,Yes
LINE-5296,ORD-100123,PROD-2077,AB-MA-2077,Prickly pear Foundation,1,25.58,25.58,B777017,2029-03-22,No
LINE-5297,ORD-100124,PROD-2083,AB-MA-2083,Prickly pear Brow pencil,1,11.31,11.31,B202564,2029-03-02,Yes
LINE-5298,ORD-100124,PROD-2009,AB-FA-2009,Linden Day cream,1,34.86,34.86,B149307,2027-09-24,Yes
LINE-5299,ORD-100124,PROD-2083,AB-MA-2083,Prickly pear Brow pencil,1,11.31,11.31,B299818,2028-12-18,No
LINE-5300,ORD-100125,PROD-2091,AB-ME-2091,Prickly pear After-shave balm,1,24.63,24.63,B913946,2028-05-12,Unknown
LINE-5301,ORD-100125,PROD-2068,AB-MA-2068,Green tea Lipstick,2,21.48,42.96,B358539,2028-08-23,Unknown
LINE-5302,ORD-100125,PROD-2093,AB-ME-2093,Elderflower After-shave balm,1,15.66,15.66,B554787,2028-12-17,Unknown
LINE-5303,ORD-100125,PROD-2033,AB-BO-2033,White lupin Body scrub,2,5.51,11.02,B802580,2028-01-04,Unknown
LINE-5304,ORD-100126,PROD-2082,AB-MA-2082,Hemp seed Brow pencil,1,8.71,8.71,B707685,2028-11-13,No
LINE-5305,ORD-100126,PROD-2043,AB-HA-2043,Rosehip Conditioner,1,10.56,10.56,B736874,2028-03-21,No
LINE-5306,ORD-100126,PROD-2031,AB-BO-2031,Chicory root Body scrub,1,25.46,25.46,B925606,2027-06-12,Yes
LINE-5307,ORD-100126,PROD-2071,AB-MA-2071,Calendula Tinted balm,2,14.25,28.50,B498974,2029-04-03,No
LINE-5308,ORD-100127,PROD-2013,AB-FA-2013,Linden Serum,1,24.80,24.80,B671128,2028-05-26,Unknown
LINE-5309,ORD-100127,PROD-2085,AB-ME-2085,Linden Face fluid,2,21.05,42.10,B958910,2027-10-20,Unknown
LINE-5310,ORD-100128,PROD-2015,AB-FA-2015,Chicory root Serum,2,12.88,25.76,B621964,2029-10-03,Unknown
LINE-5311,ORD-100128,PROD-2006,AB-FA-2006,Blackcurrant Micellar water,1,22.28,22.28,B640389,2029-06-12,Unknown
LINE-5312,ORD-100129,PROD-2087,AB-ME-2087,Meadowsweet Face fluid,1,10.32,10.32,B357457,2027-08-23,Unknown
LINE-5313,ORD-100129,PROD-2092,AB-ME-2092,Calendula After-shave balm,2,9.14,18.28,B172780,2027-08-27,Unknown
LINE-5314,ORD-100130,PROD-2010,AB-FA-2010,Prickly pear Night cream,1,26.51,26.51,B785715,2028-12-20,No
LINE-5315,ORD-100130,PROD-2019,AB-FA-2019,Cornflower Face mask,1,22.53,22.53,B424028,2029-04-23,No
LINE-5316,ORD-100130,PROD-2080,AB-MA-2080,Camelina Blush,1,8.80,8.80,B304669,2027-08-04,Yes
LINE-5317,ORD-100131,PROD-2027,AB-BO-2027,Poppy Body lotion,2,20.05,40.10,B967996,2029-09-09,Yes
LINE-5318,ORD-100131,PROD-2032,AB-BO-2032,Oat kernel Body scrub,1,22.76,22.76,B517683,2029-10-12,No
LINE-5319,ORD-100131,PROD-2067,AB-MA-2067,Cornflower Lipstick,1,27.10,27.10,B504681,2028-04-25,Yes
LINE-5320,ORD-100132,PROD-2087,AB-ME-2087,Meadowsweet Face fluid,1,10.32,10.32,B594610,2028-04-05,No
LINE-5321,ORD-100133,PROD-2020,AB-FA-2020,Camelina Face mask,2,22.16,44.32,B127997,2029-04-06,Unknown
LINE-5322,ORD-100134,PROD-2013,AB-FA-2013,Linden Serum,2,24.80,49.60,B870814,2027-12-27,No
LINE-5323,ORD-100135,PROD-2048,AB-HA-2048,Green tea Hair mask,1,18.89,18.89,B307310,2029-04-20,No
LINE-5324,ORD-100135,PROD-2082,AB-MA-2082,Hemp seed Brow pencil,1,8.71,8.71,B984133,2027-10-06,Yes
LINE-5325,ORD-100135,PROD-2081,AB-MA-2081,Rosehip Blush,1,25.14,25.14,B561973,2028-02-23,Yes
LINE-5326,ORD-100136,PROD-2023,AB-FA-2023,Elderflower Exfoliant,1,30.97,30.97,B854574,2027-08-14,Unknown
LINE-5327,ORD-100136,PROD-2069,AB-MA-2069,Prickly pear Lipstick,1,9.78,9.78,B170931,2028-07-03,Unknown
LINE-5328,ORD-100136,PROD-2012,AB-FA-2012,Chicory root Night cream,2,38.74,77.48,B102843,2029-03-17,Unknown
LINE-5329,ORD-100137,PROD-2021,AB-FA-2021,Calendula Face mask,1,40.82,40.82,B750060,2027-09-10,Unknown
LINE-5330,ORD-100137,PROD-2010,AB-FA-2010,Prickly pear Night cream,2,26.51,53.02,B407984,2027-08-16,Unknown
LINE-5331,ORD-100137,PROD-2023,AB-FA-2023,Elderflower Exfoliant,1,30.97,30.97,B961492,2029-07-02,Unknown
LINE-5332,ORD-100138,PROD-2003,AB-FA-2003,Elderflower Cleansing gel,1,17.22,17.22,B110980,2029-05-03,No
LINE-5333,ORD-100138,PROD-2006,AB-FA-2006,Blackcurrant Micellar water,1,22.28,22.28,B995081,2027-11-15,Yes
LINE-5334,ORD-100139,PROD-2069,AB-MA-2069,Prickly pear Lipstick,1,9.78,9.78,B445062,2028-11-28,Unknown
LINE-5335,ORD-100139,PROD-2002,AB-FA-2002,Prickly pear Cleansing gel,2,17.82,35.64,B920723,2027-08-24,Unknown
LINE-5336,ORD-100140,PROD-2076,AB-MA-2076,Linden Foundation,2,28.23,56.46,B500204,2029-09-11,Unknown
LINE-5337,ORD-100141,PROD-2073,AB-MA-2073,Cornflower Mascara,1,28.43,28.43,B212373,2028-04-23,No
LINE-5338,ORD-100141,PROD-2059,AB-FR-2059,Sea fennel Eau de parfum,1,21.28,21.28,B737691,2027-12-27,Yes
LINE-5339,ORD-100141,PROD-2039,AB-BO-2039,Camelina Body oil,1,5.01,5.01,B696008,2029-10-05,Yes
LINE-5340,ORD-100141,PROD-2046,AB-HA-2046,Meadowsweet Hair mask,1,17.67,17.67,B772237,2029-09-02,No
LINE-5341,ORD-100142,PROD-2054,AB-HA-2054,Blackcurrant Hair oil,1,10.66,10.66,B916417,2028-05-02,No
LINE-5342,ORD-100142,PROD-2018,AB-FA-2018,Angelica Eye contour,2,10.47,20.94,B234929,2027-07-10,Yes
LINE-5343,ORD-100143,PROD-2072,AB-MA-2072,Sweet almond Tinted balm,2,18.11,36.22,B837625,2028-05-11,Unknown
LINE-5344,ORD-100143,PROD-2025,AB-BO-2025,Angelica Body lotion,1,14.02,14.02,B264063,2028-03-28,Unknown
LINE-5345,ORD-100144,PROD-2085,AB-ME-2085,Linden Face fluid,1,21.05,21.05,B279260,2029-01-12,No
LINE-5346,ORD-100145,PROD-2018,AB-FA-2018,Angelica Eye contour,1,10.47,10.47,B968746,2029-03-11,Unknown
LINE-5347,ORD-100145,PROD-2063,AB-FR-2063,Linden Scented mist,1,25.67,25.67,B447627,2027-09-22,Unknown
LINE-5348,ORD-100146,PROD-2062,AB-FR-2062,Camelina Scented mist,1,26.19,26.19,B113971,2028-12-19,Unknown
LINE-5349,ORD-100147,PROD-2021,AB-FA-2021,Calendula Face mask,1,40.82,40.82,B394536,2029-02-17,Yes
LINE-5350,ORD-100147,PROD-2054,AB-HA-2054,Blackcurrant Hair oil,2,10.66,21.32,B373867,2029-07-27,No
LINE-5351,ORD-100147,PROD-2095,AB-ME-2095,Camelina Hair and body wash,1,20.85,20.85,B658742,2029-09-06,No
LINE-5352,ORD-100147,PROD-2051,AB-HA-2051,Green tea Scalp treatment,1,23.91,23.91,B523720,2027-11-11,Yes
LINE-5353,ORD-100148,PROD-2051,AB-HA-2051,Green tea Scalp treatment,1,23.91,23.91,B657663,2027-07-07,Unknown
LINE-5354,ORD-100149,PROD-2004,AB-FA-2004,Angelica Micellar water,1,20.59,20.59,B316555,2027-12-22,No
LINE-5355,ORD-100150,PROD-2013,AB-FA-2013,Linden Serum,2,24.80,49.60,B833979,2029-08-09,No
LINE-5356,ORD-100150,PROD-2026,AB-BO-2026,Cornflower Body lotion,1,11.73,11.73,B567053,2028-07-22,Yes
LINE-5357,ORD-100150,PROD-2067,AB-MA-2067,Cornflower Lipstick,2,27.10,54.20,B541209,2027-12-05,No
LINE-5358,ORD-100150,PROD-2005,AB-FA-2005,Oat kernel Micellar water,1,26.21,26.21,B716613,2028-05-27,Yes
LINE-5359,ORD-100151,PROD-2031,AB-BO-2031,Chicory root Body scrub,1,25.46,25.46,B604251,2028-10-30,No
LINE-5360,ORD-100152,PROD-2079,AB-MA-2079,Green tea Blush,1,14.54,14.54,B297927,2029-10-03,No
LINE-5361,ORD-100153,PROD-2091,AB-ME-2091,Prickly pear After-shave balm,1,24.63,24.63,B592959,2028-08-20,No
LINE-5362,ORD-100153,PROD-2012,AB-FA-2012,Chicory root Night cream,1,38.74,38.74,B853237,2027-06-09,Yes
LINE-5363,ORD-100153,PROD-2029,AB-BO-2029,Blackcurrant Shower gel,2,11.04,22.08,B700654,2028-08-19,No
LINE-5364,ORD-100154,PROD-2083,AB-MA-2083,Prickly pear Brow pencil,1,11.31,11.31,B549043,2027-08-06,No
LINE-5365,ORD-100154,PROD-2015,AB-FA-2015,Chicory root Serum,1,12.88,12.88,B413885,2029-05-15,No
LINE-5366,ORD-100154,PROD-2036,AB-BO-2036,Calendula Hand cream,1,8.87,8.87,B153668,2027-11-05,Yes
LINE-5367,ORD-100154,PROD-2033,AB-BO-2033,White lupin Body scrub,1,5.51,5.51,B684814,2027-09-05,No
LINE-5368,ORD-100155,PROD-2010,AB-FA-2010,Prickly pear Night cream,1,26.51,26.51,B202158,2029-10-14,Unknown
LINE-5369,ORD-100155,PROD-2071,AB-MA-2071,Calendula Tinted balm,1,14.25,14.25,B179091,2028-12-06,Unknown
LINE-5370,ORD-100155,PROD-2081,AB-MA-2081,Rosehip Blush,1,25.14,25.14,B458133,2029-04-14,Unknown
LINE-5371,ORD-100155,PROD-2091,AB-ME-2091,Prickly pear After-shave balm,1,24.63,24.63,B869204,2027-09-27,Unknown
LINE-5372,ORD-100156,PROD-2068,AB-MA-2068,Green tea Lipstick,1,21.48,21.48,B513249,2027-10-05,Yes
LINE-5373,ORD-100156,PROD-2059,AB-FR-2059,Sea fennel Eau de parfum,1,21.28,21.28,B256854,2029-11-24,No
LINE-5374,ORD-100156,PROD-2078,AB-MA-2078,Sea fennel Foundation,1,21.25,21.25,B919997,2029-06-10,Yes
LINE-5375,ORD-100157,PROD-2013,AB-FA-2013,Linden Serum,1,24.80,24.80,B178261,2028-02-25,Unknown
LINE-5376,ORD-100158,PROD-2008,AB-FA-2008,Elderflower Day cream,1,14.72,14.72,B705668,2029-11-06,Unknown
LINE-5377,ORD-100159,PROD-2052,AB-HA-2052,Elderflower Hair oil,2,16.82,33.64,B672502,2027-06-12,No
LINE-5378,ORD-100160,PROD-2074,AB-MA-2074,Prickly pear Mascara,1,12.61,12.61,B878394,2028-10-21,No
LINE-5379,ORD-100161,PROD-2029,AB-BO-2029,Blackcurrant Shower gel,2,11.04,22.08,B774276,2029-06-02,No
LINE-5380,ORD-100161,PROD-2093,AB-ME-2093,Elderflower After-shave balm,1,15.66,15.66,B426319,2027-08-11,No
LINE-5381,ORD-100161,PROD-2056,AB-FR-2056,Poppy Eau de toilette,1,50.02,50.02,B133159,2028-10-23,No
LINE-5382,ORD-100162,PROD-2025,AB-BO-2025,Angelica Body lotion,1,14.02,14.02,B152658,2029-02-17,Yes
LINE-5383,ORD-100163,PROD-2036,AB-BO-2036,Calendula Hand cream,2,8.87,17.74,B999142,2027-12-11,No
LINE-5384,ORD-100163,PROD-2006,AB-FA-2006,Blackcurrant Micellar water,1,22.28,22.28,B495493,2029-02-17,Yes
LINE-5385,ORD-100164,PROD-2068,AB-MA-2068,Green tea Lipstick,1,21.48,21.48,B251686,2029-10-15,Unknown
LINE-5386,ORD-100164,PROD-2007,AB-FA-2007,Calendula Day cream,1,10.45,10.45,B235556,2027-10-12,Unknown
LINE-5387,ORD-100164,PROD-2059,AB-FR-2059,Sea fennel Eau de parfum,1,21.28,21.28,B961925,2028-02-05,Unknown
LINE-5388,ORD-100164,PROD-2017,AB-FA-2017,Elderflower Eye contour,1,34.84,34.84,B840272,2029-10-19,Unknown
LINE-5389,ORD-100165,PROD-2070,AB-MA-2070,Rosehip Tinted balm,1,23.71,23.71,B348162,2029-10-27,Yes
LINE-5390,ORD-100165,PROD-2004,AB-FA-2004,Angelica Micellar water,2,20.59,41.18,B217440,2028-06-13,Yes
LINE-5391,ORD-100165,PROD-2044,AB-HA-2044,Prickly pear Conditioner,1,7.21,7.21,B623836,2027-07-04,No
LINE-5392,ORD-100165,PROD-2054,AB-HA-2054,Blackcurrant Hair oil,2,10.66,21.32,B853453,2029-09-02,Yes
LINE-5393,ORD-100166,PROD-2023,AB-FA-2023,Elderflower Exfoliant,2,30.97,61.94,B688837,2028-03-16,Unknown
LINE-5394,ORD-100167,PROD-2068,AB-MA-2068,Green tea Lipstick,2,21.48,42.96,B716895,2029-03-04,No
LINE-5395,ORD-100167,PROD-2036,AB-BO-2036,Calendula Hand cream,2,8.87,17.74,B477420,2028-06-12,No
LINE-5396,ORD-100167,PROD-2014,AB-FA-2014,Prickly pear Serum,1,11.46,11.46,B742457,2029-07-17,No
LINE-5397,ORD-100167,PROD-2003,AB-FA-2003,Elderflower Cleansing gel,1,17.22,17.22,B987910,2028-01-22,No
LINE-5398,ORD-100168,PROD-2096,AB-ME-2096,Chicory root Hair and body wash,1,9.29,9.29,B974049,2027-11-02,No
LINE-5399,ORD-100168,PROD-2092,AB-ME-2092,Calendula After-shave balm,1,9.14,9.14,B541371,2028-09-04,No
LINE-5400,ORD-100168,PROD-2018,AB-FA-2018,Angelica Eye contour,1,10.47,10.47,B969844,2029-10-10,No
LINE-5401,ORD-100168,PROD-2012,AB-FA-2012,Chicory root Night cream,1,38.74,38.74,B204584,2028-04-14,No
LINE-5402,ORD-100169,PROD-2044,AB-HA-2044,Prickly pear Conditioner,1,7.21,7.21,B355499,2028-10-25,No
LINE-5403,ORD-100169,PROD-2024,AB-FA-2024,Blackcurrant Exfoliant,2,31.09,62.18,B331715,2028-12-13,No
LINE-5404,ORD-100169,PROD-2083,AB-MA-2083,Prickly pear Brow pencil,1,11.31,11.31,B325885,2027-11-02,No
LINE-5405,ORD-100169,PROD-2055,AB-FR-2055,Meadowsweet Eau de toilette,1,26.83,26.83,B261277,2028-06-26,Yes
LINE-5406,ORD-100170,PROD-2008,AB-FA-2008,Elderflower Day cream,1,14.72,14.72,B828282,2027-09-19,Unknown
LINE-5407,ORD-100171,PROD-2088,AB-ME-2088,Sweet almond Shave gel,1,20.11,20.11,B403385,2028-06-24,Yes
LINE-5408,ORD-100172,PROD-2059,AB-FR-2059,Sea fennel Eau de parfum,1,21.28,21.28,B816574,2028-04-28,Unknown
LINE-5409,ORD-100173,PROD-2085,AB-ME-2085,Linden Face fluid,1,21.05,21.05,B972565,2029-10-28,Yes
LINE-5410,ORD-100173,PROD-2058,AB-FR-2058,Chicory root Eau de parfum,1,58.62,58.62,B890916,2027-09-26,No
LINE-5411,ORD-100174,PROD-2011,AB-FA-2011,Green tea Night cream,1,32.45,32.45,B922554,2028-04-28,Yes
LINE-5412,ORD-100175,PROD-2001,AB-FA-2001,Calendula Cleansing gel,1,11.90,11.90,B888217,2029-03-21,Yes
LINE-5413,ORD-100175,PROD-2075,AB-MA-2075,Chicory root Mascara,1,27.82,27.82,B545817,2028-09-11,Yes
LINE-5414,ORD-100176,PROD-2002,AB-FA-2002,Prickly pear Cleansing gel,1,17.82,17.82,B973313,2028-08-14,No
LINE-5415,ORD-100176,PROD-2014,AB-FA-2014,Prickly pear Serum,2,11.46,22.92,B642566,2027-10-15,Yes
LINE-5416,ORD-100176,PROD-2010,AB-FA-2010,Prickly pear Night cream,2,26.51,53.02,B363678,2028-01-07,Yes
LINE-5417,ORD-100176,PROD-2093,AB-ME-2093,Elderflower After-shave balm,1,15.66,15.66,B806109,2027-11-25,No
LINE-5418,ORD-100177,PROD-2043,AB-HA-2043,Rosehip Conditioner,1,10.56,10.56,B419055,2029-08-15,No
LINE-5419,ORD-100177,PROD-2037,AB-BO-2037,White lupin Body oil,2,25.34,50.68,B613043,2028-06-07,No
LINE-5420,ORD-100178,PROD-2041,AB-HA-2041,Meadowsweet Shampoo,1,20.86,20.86,B223338,2027-08-06,Unknown
LINE-5421,ORD-100178,PROD-2063,AB-FR-2063,Linden Scented mist,1,25.67,25.67,B354402,2029-08-05,Unknown
LINE-5422,ORD-100178,PROD-2036,AB-BO-2036,Calendula Hand cream,2,8.87,17.74,B913563,2029-07-23,Unknown
LINE-5423,ORD-100179,PROD-2006,AB-FA-2006,Blackcurrant Micellar water,1,22.28,22.28,B305327,2028-05-14,Unknown
LINE-5424,ORD-100179,PROD-2005,AB-FA-2005,Oat kernel Micellar water,1,26.21,26.21,B722534,2029-10-25,Unknown
LINE-5425,ORD-100179,PROD-2046,AB-HA-2046,Meadowsweet Hair mask,1,17.67,17.67,B114702,2027-09-17,Unknown
LINE-5426,ORD-100180,PROD-2092,AB-ME-2092,Calendula After-shave balm,2,9.14,18.28,B296193,2028-11-02,Yes
LINE-5427,ORD-100181,PROD-2019,AB-FA-2019,Cornflower Face mask,1,22.53,22.53,B427629,2027-10-09,Unknown
LINE-5428,ORD-100181,PROD-2079,AB-MA-2079,Green tea Blush,1,14.54,14.54,B864286,2028-08-21,Unknown
LINE-5429,ORD-100181,PROD-2080,AB-MA-2080,Camelina Blush,1,8.80,8.80,B369512,2028-06-07,Unknown
LINE-5430,ORD-100181,PROD-2067,AB-MA-2067,Cornflower Lipstick,1,27.10,27.10,B539107,2028-08-22,Unknown
LINE-5431,ORD-100182,PROD-2072,AB-MA-2072,Sweet almond Tinted balm,1,18.11,18.11,B873355,2027-08-17,Unknown
LINE-5432,ORD-100182,PROD-2021,AB-FA-2021,Calendula Face mask,1,40.82,40.82,B872178,2028-03-08,Unknown
LINE-5433,ORD-100183,PROD-2033,AB-BO-2033,White lupin Body scrub,1,5.51,5.51,B563821,2028-05-23,Unknown
LINE-5434,ORD-100183,PROD-2036,AB-BO-2036,Calendula Hand cream,1,8.87,8.87,B869230,2028-11-14,Unknown
LINE-5435,ORD-100183,PROD-2089,AB-ME-2089,Angelica Shave gel,1,15.69,15.69,B334763,2029-08-31,Unknown
LINE-5436,ORD-100183,PROD-2006,AB-FA-2006,Blackcurrant Micellar water,2,22.28,44.56,B220177,2027-06-17,Unknown
LINE-5437,ORD-100184,PROD-2023,AB-FA-2023,Elderflower Exfoliant,1,30.97,30.97,B120469,2027-08-19,No
LINE-5438,ORD-100184,PROD-2056,AB-FR-2056,Poppy Eau de toilette,1,50.02,50.02,B656091,2027-12-14,No
LINE-5439,ORD-100185,PROD-2085,AB-ME-2085,Linden Face fluid,1,21.05,21.05,B122502,2028-08-18,Unknown
LINE-5440,ORD-100185,PROD-2083,AB-MA-2083,Prickly pear Brow pencil,1,11.31,11.31,B261761,2028-09-26,Unknown
LINE-5441,ORD-100186,PROD-2083,AB-MA-2083,Prickly pear Brow pencil,1,11.31,11.31,B367505,2028-06-09,Unknown
LINE-5442,ORD-100187,PROD-2051,AB-HA-2051,Green tea Scalp treatment,1,23.91,23.91,B421614,2029-11-02,Unknown
LINE-5443,ORD-100188,PROD-2059,AB-FR-2059,Sea fennel Eau de parfum,1,21.28,21.28,B451437,2029-01-26,No
LINE-5444,ORD-100188,PROD-2044,AB-HA-2044,Prickly pear Conditioner,1,7.21,7.21,B100261,2027-11-16,No
LINE-5445,ORD-100189,PROD-2041,AB-HA-2041,Meadowsweet Shampoo,1,20.86,20.86,B164693,2029-03-28,No
LINE-5446,ORD-100189,PROD-2065,AB-FR-2065,Sweet almond Solid perfume,1,21.01,21.01,B669593,2027-06-30,No
LINE-5447,ORD-100190,PROD-2008,AB-FA-2008,Elderflower Day cream,1,14.72,14.72,B531381,2029-05-13,No
LINE-5448,ORD-100190,PROD-2067,AB-MA-2067,Cornflower Lipstick,1,27.10,27.10,B440214,2027-07-01,No
LINE-5449,ORD-100190,PROD-2030,AB-BO-2030,Linden Shower gel,1,6.34,6.34,B178296,2028-07-07,No
LINE-5450,ORD-100191,PROD-2002,AB-FA-2002,Prickly pear Cleansing gel,2,17.82,35.64,B390974,2028-06-20,No
LINE-5451,ORD-100192,PROD-2029,AB-BO-2029,Blackcurrant Shower gel,1,11.04,11.04,B941931,2027-12-08,No
LINE-5452,ORD-100192,PROD-2091,AB-ME-2091,Prickly pear After-shave balm,1,24.63,24.63,B736661,2028-03-25,Yes
LINE-5453,ORD-100192,PROD-2074,AB-MA-2074,Prickly pear Mascara,1,12.61,12.61,B879895,2029-09-11,No
LINE-5454,ORD-100192,PROD-2021,AB-FA-2021,Calendula Face mask,1,40.82,40.82,B838321,2027-11-17,No
LINE-5455,ORD-100193,PROD-2046,AB-HA-2046,Meadowsweet Hair mask,1,17.67,17.67,B745114,2028-08-05,Yes
LINE-5456,ORD-100193,PROD-2020,AB-FA-2020,Camelina Face mask,1,22.16,22.16,B156303,2028-06-11,Yes
LINE-5457,ORD-100193,PROD-2006,AB-FA-2006,Blackcurrant Micellar water,1,22.28,22.28,B146128,2028-04-21,Yes
LINE-5458,ORD-100194,PROD-2033,AB-BO-2033,White lupin Body scrub,1,5.51,5.51,B508852,2029-05-15,Yes
LINE-5459,ORD-100194,PROD-2096,AB-ME-2096,Chicory root Hair and body wash,1,9.29,9.29,B938325,2028-07-04,No
LINE-5460,ORD-100195,PROD-2062,AB-FR-2062,Camelina Scented mist,1,26.19,26.19,B205368,2029-05-27,No
LINE-5461,ORD-100195,PROD-2083,AB-MA-2083,Prickly pear Brow pencil,1,11.31,11.31,B522986,2029-04-08,No
LINE-5462,ORD-100195,PROD-2001,AB-FA-2001,Calendula Cleansing gel,1,11.90,11.90,B718112,2028-10-09,No
LINE-5463,ORD-100196,PROD-2096,AB-ME-2096,Chicory root Hair and body wash,1,9.29,9.29,B985772,2028-02-06,Yes
LINE-5464,ORD-100196,PROD-2025,AB-BO-2025,Angelica Body lotion,1,14.02,14.02,B458786,2028-09-03,No
LINE-5465,ORD-100196,PROD-2058,AB-FR-2058,Chicory root Eau de parfum,1,58.62,58.62,B941930,2028-05-25,No
LINE-5466,ORD-100196,PROD-2030,AB-BO-2030,Linden Shower gel,1,6.34,6.34,B710919,2029-09-29,No
LINE-5467,ORD-100197,PROD-2009,AB-FA-2009,Linden Day cream,1,34.86,34.86,B572154,2029-05-05,Yes
LINE-5468,ORD-100197,PROD-2034,AB-BO-2034,Linden Hand cream,1,13.28,13.28,B247464,2027-11-28,Yes
LINE-5469,ORD-100197,PROD-2089,AB-ME-2089,Angelica Shave gel,1,15.69,15.69,B398215,2029-08-04,No
LINE-5470,ORD-100198,PROD-2001,AB-FA-2001,Calendula Cleansing gel,1,11.90,11.90,B962008,2029-07-24,No
LINE-5471,ORD-100198,PROD-2014,AB-FA-2014,Prickly pear Serum,2,11.46,22.92,B677973,2028-01-07,No
LINE-5472,ORD-100199,PROD-2001,AB-FA-2001,Calendula Cleansing gel,2,11.90,23.80,B444917,2029-03-30,Yes
LINE-5473,ORD-100200,PROD-2052,AB-HA-2052,Elderflower Hair oil,1,16.82,16.82,B810316,2029-07-16,No
