order_id,customer_id,order_date,status,ship_date,delivered_date,eta_date,carrier,tracking_number,shipping_method,subtotal_amount,shipping_amount,tax_amount,total_amount,shipping_address
ORD-100001,CUST-1001,2026-06-22,Delivered,2026-06-26,2026-06-30,,Parcelway,PW3618220372,Express (2-3 days),129.00,0.00,10.32,139.32,"14 Rowan Street, Portland, US"
ORD-100002,CUST-1001,2026-08-09,InTransit,2026-08-11,,2026-08-26,Parcelway,PW6227835970,Standard (4-6 days),70.00,4.95,5.60,80.55,"14 Rowan Street, Portland, US"
ORD-100003,CUST-1002,2026-08-14,Shipped,2026-08-16,,2026-08-24,Northline,NL4471209833,Standard (4-6 days),68.00,4.95,5.44,78.39,"9 Alder Court, Austin, US"
ORD-100004,CUST-1003,2026-08-04,Delivered,2026-08-06,2026-08-10,,Northline,NL7783401265,Standard (4-6 days),59.50,0.00,4.76,64.26,"221 Maple Avenue, Calgary, CA"
ORD-100005,CUST-1002,2026-08-19,Processing,,,2026-08-27,,,Standard (4-6 days),54.50,4.95,4.36,63.81,"9 Alder Court, Austin, US"
ORD-100006,CUST-1004,2026-01-08,Delivered,2026-01-11,2026-01-15,,Parcelway,PW1120945577,Standard (4-6 days),72.00,0.00,5.76,77.76,"7 Birchfield Road, Bristol, GB"
ORD-100007,CUST-1005,2026-07-30,Delivered,2026-08-01,2026-08-05,,Northline,NL5590123744,Standard (4-6 days),44.00,4.95,3.52,52.47,"88 Harbour Lane, Seattle, US"
ORD-100008,CUST-1003,2026-08-06,Delivered,2026-08-08,2026-08-12,,Parcelway,PW9042118836,Express (2-3 days),89.00,0.00,7.12,96.12,"221 Maple Avenue, Calgary, CA"
ORD-100009,CUST-1006,2026-08-07,Delayed,2026-08-10,,2026-08-18,Eurotrack,ET3390574411,Standard (4-6 days),96.00,0.00,7.68,103.68,"5 Lindenweg, Leipzig, DE"
ORD-100010,CUST-1007,2026-08-15,Cancelled,,,,,,Standard (4-6 days),49.00,4.95,3.92,57.87,"12 Calle Olivar, Valencia, ES"
ORD-100011,CUST-1008,2026-07-28,Delivered,2026-07-30,2026-08-03,,Eurotrack,ET8812340976,Standard (4-6 days),59.00,4.95,4.72,68.67,"3 Solgatan, Uppsala, SE"
ORD-100012,CUST-1009,2026-07-25,Delivered,2026-07-28,2026-08-01,,Northline,NL2265889013,Express (2-3 days),149.00,0.00,11.92,160.92,"640 Foundry Street, Chicago, US"
ORD-100013,CUST-1010,2026-08-12,InTransit,2026-08-14,,2026-08-25,Southbound,SB7741029355,Standard (4-6 days),27.50,4.95,2.20,34.65,"18 Wattle Grove, Adelaide, AU"
ORD-100014,CUST-1006,2026-05-02,Delivered,2026-05-04,2026-05-08,,Eurotrack,ET5510338822,Standard (4-6 days),64.00,0.00,5.12,69.12,"5 Lindenweg, Leipzig, DE"
