product_id,sku,name,product_line,form,key_botanical,concern,suitable_for,price_eur,currency,volume_ml,pao_months,stock_qty,is_refillable,refill_sku,is_gift_with_purchase,shade,contains_essential_oils,vegan,rating,short_description,image_url
PROD-2001,AB-FA-2001,Calendula Cleansing gel,Face care,Cleansing gel,Calendula,Firming,Sensitive,11.90,EUR,150,12,40,No,,No,,No,Yes,4.4,"Cleansing gel with blackcurrant extract, for sensitive skin.",https://placehold.co/400x400?text=Blackcurrant
PROD-2002,AB-FA-2002,Prickly pear Cleansing gel,Face care,Cleansing gel,Prickly pear,Protection,Normal,17.82,EUR,150,12,140,No,,No,,Yes,No,3.8,"Cleansing gel with prickly pear extract, for daily use.",https://placehold.co/400x400?text=Prickly+pear
PROD-2003,AB-FA-2003,Elderflower Cleansing gel,Face care,Cleansing gel,Elderflower,Firming,All skin types,17.22,EUR,150,6,4,Yes,AB-RF-2003,No,,No,Yes,4.7,"Cleansing gel with elderflower extract, for daily use.",https://placehold.co/400x400?text=Elderflower
PROD-2004,AB-FA-2004,Angelica Micellar water,Face care,Micellar water,Angelica,Firming,All skin types,20.59,EUR,30,6,30,Yes,AB-RF-2004,No,,No,Yes,4.7,"Micellar water with angelica extract, for sensitive skin.",https://placehold.co/400x400?text=Angelica
PROD-2005,AB-FA-2005,Oat kernel Micellar water,Face care,Micellar water,Oat kernel,Hydration,Sensitive,26.21,EUR,50,6,4,No,,No,,Yes,Yes,3.7,"Micellar water with oat kernel extract, for sensitive skin.",https://placehold.co/400x400?text=Oat+kernel
PROD-2006,AB-FA-2006,Blackcurrant Micellar water,Face care,Micellar water,Blackcurrant,Repair,All skin types,22.28,EUR,75,6,30,Yes,AB-RF-2006,No,,Yes,No,4.2,"Micellar water with blackcurrant extract, for sensitive skin.",https://placehold.co/400x400?text=Blackcurrant
PROD-2007,AB-FA-2007,Calendula Day cream,Face care,Day cream,Calendula,Hydration,All skin types,10.45,EUR,150,6,9,No,,No,,No,No,4.2,"Day cream with calendula extract, for a comfort ritual.",https://placehold.co/400x400?text=Calendula
PROD-2008,AB-FA-2008,Elderflower Day cream,Face care,Day cream,Elderflower,Protection,Oily,14.72,EUR,200,6,140,No,,No,,Yes,Yes,4.3,"Day cream with elderflower extract, for visible radiance.",https://placehold.co/400x400?text=Elderflower
PROD-2009,AB-FA-2009,Linden Day cream,Face care,Day cream,Linden,Anti-ageing,Normal,34.86,EUR,200,12,140,No,,No,,Yes,Yes,4.9,"Day cream with linden extract, for a comfort ritual.",https://placehold.co/400x400?text=Linden
PROD-2010,AB-FA-2010,Prickly pear Night cream,Face care,Night cream,Prickly pear,Protection,All skin types,26.51,EUR,50,6,25,No,,No,,Yes,Yes,4.0,"Night cream with prickly pear extract, for visible radiance.",https://placehold.co/400x400?text=Prickly+pear
PROD-2011,AB-FA-2011,Green tea Night cream,Face care,Night cream,Green tea,Anti-ageing,Normal,32.45,EUR,50,12,30,No,,No,,Yes,No,4.0,"Night cream with green tea extract, for a comfort ritual.",https://placehold.co/400x400?text=Green+tea
PROD-2012,AB-FA-2012,Chicory root Night cream,Face care,Night cream,Chicory root,Purifying,Normal,38.74,EUR,50,6,4,No,,No,,Yes,Yes,3.9,"Night cream with chicory root extract, for a comfort ritual.",https://placehold.co/400x400?text=Chicory+root
PROD-2013,AB-FA-2013,Linden Serum,Face care,Serum,Linden,Anti-ageing,Combination,24.80,EUR,30,12,140,No,,No,,No,No,4.3,"Serum with linden extract, for daily use.",https://placehold.co/400x400?text=Linden
PROD-2014,AB-FA-2014,Prickly pear Serum,Face care,Serum,Prickly pear,Anti-ageing,Normal,11.46,EUR,150,12,4,No,,No,,No,Yes,4.7,"Serum with prickly pear extract, for visible radiance.",https://placehold.co/400x400?text=Prickly+pear
PROD-2015,AB-FA-2015,Chicory root Serum,Face care,Serum,Chicory root,Radiance,All skin types,12.88,EUR,150,12,15,No,,No,,No,Yes,4.3,"Serum with chicory root extract, for a comfort ritual.",https://placehold.co/400x400?text=Chicory+root
PROD-2016,AB-FA-2016,Prickly pear Eye contour,Face care,Eye contour,Prickly pear,Protection,All skin types,28.35,EUR,200,12,9,No,,No,,No,Yes,4.8,"Eye contour with prickly pear extract, for long-lasting comfort.",https://placehold.co/400x400?text=Prickly+pear
PROD-2017,AB-FA-2017,Elderflower Eye contour,Face care,Eye contour,Elderflower,Firming,Sensitive,34.84,EUR,200,6,4,No,,No,,Yes,Yes,4.1,"Eye contour with elderflower extract, for a comfort ritual.",https://placehold.co/400x400?text=Elderflower
PROD-2018,AB-FA-2018,Angelica Eye contour,Face care,Eye contour,Angelica,Radiance,Mature,10.47,EUR,75,6,30,Yes,AB-RF-2018,No,,Yes,No,4.6,"Eye contour with angelica extract, for long-lasting comfort.",https://placehold.co/400x400?text=Angelica
PROD-2019,AB-FA-2019,Cornflower Face mask,Face care,Face mask,Cornflower,Repair,Sensitive,22.53,EUR,200,6,15,No,,No,,No,Yes,4.6,"Face mask with cornflower extract, for a comfort ritual.",https://placehold.co/400x400?text=Cornflower
PROD-2020,AB-FA-2020,Camelina Face mask,Face care,Face mask,Camelina,Hydration,Mature,22.16,EUR,30,6,4,No,,No,,Yes,Yes,3.6,"Face mask with camelina extract, for a comfort ritual.",https://placehold.co/400x400?text=Camelina
PROD-2021,AB-FA-2021,Calendula Face mask,Face care,Face mask,Calendula,Soothing,Sensitive,40.82,EUR,200,6,55,Yes,AB-RF-2021,No,,No,Yes,4.2,"Face mask with calendula extract, for visible radiance.",https://placehold.co/400x400?text=Calendula
PROD-2022,AB-FA-2022,Poppy Exfoliant,Face care,Exfoliant,Poppy,Anti-ageing,All skin types,19.58,EUR,150,12,9,Yes,AB-RF-2022,Yes,,No,Yes,4.5,"Exfoliant with poppy extract, for a comfort ritual.",https://placehold.co/400x400?text=Poppy
PROD-2023,AB-FA-2023,Elderflower Exfoliant,Face care,Exfoliant,Elderflower,Anti-ageing,Normal,30.97,EUR,30,6,4,No,,No,,Yes,Yes,3.7,"Exfoliant with elderflower extract, for daily use.",https://placehold.co/400x400?text=Elderflower
PROD-2024,AB-FA-2024,Blackcurrant Exfoliant,Face care,Exfoliant,Blackcurrant,Repair,All skin types,31.09,EUR,150,12,55,Yes,AB-RF-2024,No,,No,Yes,3.6,"Exfoliant with blackcurrant extract, for visible radiance.",https://placehold.co/400x400?text=Blackcurrant
PROD-2025,AB-BO-2025,Angelica Body lotion,Body care,Body lotion,Angelica,Firming,All skin types,14.02,EUR,75,12,60,Yes,AB-RF-2025,No,,No,No,4.0,"Body lotion with angelica extract, for sensitive skin.",https://placehold.co/400x400?text=Angelica
PROD-2026,AB-BO-2026,Cornflower Body lotion,Body care,Body lotion,Cornflower,Radiance,Sensitive,11.73,EUR,200,12,9,No,,No,,No,Yes,4.1,"Body lotion with cornflower extract, for visible radiance.",https://placehold.co/400x400?text=Cornflower
PROD-2027,AB-BO-2027,Poppy Body lotion,Body care,Body lotion,Poppy,Anti-ageing,All skin types,20.05,EUR,400,24,9,No,,No,,No,Yes,4.2,"Body lotion with poppy extract, for sensitive skin.",https://placehold.co/400x400?text=Poppy
PROD-2028,AB-BO-2028,Hemp seed Shower gel,Body care,Shower gel,Hemp seed,Anti-ageing,Combination,7.40,EUR,400,12,4,No,,No,,Yes,Yes,4.1,"Shower gel with hemp seed extract, for visible radiance.",https://placehold.co/400x400?text=Hemp+seed
PROD-2029,AB-BO-2029,Blackcurrant Shower gel,Body care,Shower gel,Blackcurrant,Purifying,Mature,11.04,EUR,200,24,9,No,,No,,Yes,Yes,4.7,"Shower gel with blackcurrant extract, for visible radiance.",https://placehold.co/400x400?text=Blackcurrant
PROD-2030,AB-BO-2030,Linden Shower gel,Body care,Shower gel,Linden,Repair,Normal,6.34,EUR,250,12,30,Yes,AB-RF-2030,No,,No,Yes,3.8,"Shower gel with linden extract, for a comfort ritual.",https://placehold.co/400x400?text=Linden
PROD-2031,AB-BO-2031,Chicory root Body scrub,Body care,Body scrub,Chicory root,Anti-ageing,Dry,25.46,EUR,400,24,15,Yes,AB-RF-2031,No,,No,Yes,3.8,"Body scrub with chicory root extract, for daily use.",https://placehold.co/400x400?text=Chicory+root
PROD-2032,AB-BO-2032,Oat kernel Body scrub,Body care,Body scrub,Oat kernel,Anti-ageing,Oily,22.76,EUR,400,24,4,No,,No,,No,Yes,4.0,"Body scrub with oat kernel extract, for a comfort ritual.",https://placehold.co/400x400?text=Oat+kernel
PROD-2033,AB-BO-2033,White lupin Body scrub,Body care,Body scrub,White lupin,Protection,Mature,5.51,EUR,250,24,15,Yes,AB-RF-2033,No,,No,Yes,4.1,"Body scrub with white lupin extract, for long-lasting comfort.",https://placehold.co/400x400?text=White+lupin
PROD-2034,AB-BO-2034,Linden Hand cream,Body care,Hand cream,Linden,Hydration,Normal,13.28,EUR,200,24,15,No,,No,,No,Yes,3.9,"Hand cream with linden extract, for a comfort ritual.",https://placehold.co/400x400?text=Linden
PROD-2035,AB-BO-2035,Angelica Hand cream,Body care,Hand cream,Angelica,Purifying,Dry,13.74,EUR,200,24,9,No,,No,,No,Yes,4.7,"Hand cream with angelica extract, for long-lasting comfort.",https://placehold.co/400x400?text=Angelica
PROD-2036,AB-BO-2036,Calendula Hand cream,Body care,Hand cream,Calendula,Radiance,All skin types,8.87,EUR,250,24,140,No,,No,,No,Yes,3.9,"Hand cream with calendula extract, for sensitive skin.",https://placehold.co/400x400?text=Calendula
PROD-2037,AB-BO-2037,White lupin Body oil,Body care,Body oil,White lupin,Firming,Normal,25.34,EUR,400,24,30,No,,No,,No,Yes,4.5,"Body oil with white lupin extract, for daily use.",https://placehold.co/400x400?text=White+lupin
PROD-2038,AB-BO-2038,Meadowsweet Body oil,Body care,Body oil,Meadowsweet,Protection,Dry,11.64,EUR,75,24,80,No,,No,,Yes,No,4.1,"Body oil with meadowsweet extract, for sensitive skin.",https://placehold.co/400x400?text=Meadowsweet
PROD-2039,AB-BO-2039,Camelina Body oil,Body care,Body oil,Camelina,Firming,Normal,5.01,EUR,250,24,15,No,,No,,No,Yes,4.6,"Body oil with camelina extract, for long-lasting comfort.",https://placehold.co/400x400?text=Camelina
PROD-2040,AB-HA-2040,Angelica Shampoo,Hair care,Shampoo,Angelica,Soothing,Normal,8.98,EUR,100,12,0,No,,No,,No,Yes,4.7,"Shampoo with angelica extract, for sensitive skin.",https://placehold.co/400x400?text=Angelica
PROD-2041,AB-HA-2041,Meadowsweet Shampoo,Hair care,Shampoo,Meadowsweet,Anti-ageing,Oily,20.86,EUR,300,12,55,No,,No,,No,No,3.5,"Shampoo with meadowsweet extract, for sensitive skin.",https://placehold.co/400x400?text=Meadowsweet
PROD-2042,AB-HA-2042,Calendula Shampoo,Hair care,Shampoo,Calendula,Firming,Normal,13.93,EUR,200,12,0,Yes,AB-RF-2042,No,,No,No,3.8,"Shampoo with calendula extract, for a comfort ritual.",https://placehold.co/400x400?text=Calendula
PROD-2043,AB-HA-2043,Rosehip Conditioner,Hair care,Conditioner,Rosehip,Protection,Normal,10.56,EUR,100,24,140,No,,No,,No,Yes,4.9,"Conditioner with rosehip extract, for visible radiance.",https://placehold.co/400x400?text=Rosehip
PROD-2044,AB-HA-2044,Prickly pear Conditioner,Hair care,Conditioner,Prickly pear,Repair,All skin types,7.21,EUR,300,24,4,No,,No,,Yes,Yes,3.6,"Conditioner with prickly pear extract, for sensitive skin.",https://placehold.co/400x400?text=Prickly+pear
PROD-2045,AB-HA-2045,Linden Conditioner,Hair care,Conditioner,Linden,Firming,All skin types,21.41,EUR,400,12,0,Yes,AB-RF-2045,No,,Yes,Yes,3.7,"Conditioner with linden extract, for a comfort ritual.",https://placehold.co/400x400?text=Linden
PROD-2046,AB-HA-2046,Meadowsweet Hair mask,Hair care,Hair mask,Meadowsweet,Protection,Mature,17.67,EUR,200,12,9,No,,No,,No,Yes,3.8,"Hair mask with meadowsweet extract, for daily use.",https://placehold.co/400x400?text=Meadowsweet
PROD-2047,AB-HA-2047,Calendula Hair mask,Hair care,Hair mask,Calendula,Repair,Sensitive,11.77,EUR,300,12,9,Yes,AB-RF-2047,Yes,,No,Yes,3.5,"Hair mask with calendula extract, for a comfort ritual.",https://placehold.co/400x400?text=Calendula
PROD-2048,AB-HA-2048,Green tea Hair mask,Hair care,Hair mask,Green tea,Protection,Mature,18.89,EUR,100,12,4,Yes,AB-RF-2048,No,,No,Yes,4.2,"Hair mask with green tea extract, for visible radiance.",https://placehold.co/400x400?text=Green+tea
PROD-2049,AB-HA-2049,Sweet almond Scalp treatment,Hair care,Scalp treatment,Sweet almond,Radiance,Sensitive,8.74,EUR,200,12,140,Yes,AB-RF-2049,No,,No,Yes,4.8,"Scalp treatment with sweet almond extract, for daily use.",https://placehold.co/400x400?text=Sweet+almond
PROD-2050,AB-HA-2050,Elderflower Scalp treatment,Hair care,Scalp treatment,Elderflower,Protection,Mature,14.73,EUR,100,12,0,No,,No,,No,Yes,4.7,"Scalp treatment with elderflower extract, for long-lasting comfort.",https://placehold.co/400x400?text=Elderflower
PROD-2051,AB-HA-2051,Green tea Scalp treatment,Hair care,Scalp treatment,Green tea,Radiance,Oily,23.91,EUR,400,12,140,Yes,AB-RF-2051,No,,No,Yes,4.1,"Scalp treatment with green tea extract, for visible radiance.",https://placehold.co/400x400?text=Green+tea
PROD-2052,AB-HA-2052,Elderflower Hair oil,Hair care,Hair oil,Elderflower,Repair,All skin types,16.82,EUR,400,24,4,Yes,AB-RF-2052,No,,Yes,Yes,4.6,"Hair oil with elderflower extract, for a comfort ritual.",https://placehold.co/400x400?text=Elderflower
PROD-2053,AB-HA-2053,Linden Hair oil,Hair care,Hair oil,Linden,Repair,Sensitive,11.80,EUR,300,12,0,Yes,AB-RF-2053,No,,No,Yes,3.8,"Hair oil with linden extract, for long-lasting comfort.",https://placehold.co/400x400?text=Linden
PROD-2054,AB-HA-2054,Blackcurrant Hair oil,Hair care,Hair oil,Blackcurrant,Hydration,All skin types,10.66,EUR,300,12,4,Yes,AB-RF-2054,No,,Yes,Yes,4.8,"Hair oil with blackcurrant extract, for long-lasting comfort.",https://placehold.co/400x400?text=Blackcurrant
PROD-2055,AB-FR-2055,Meadowsweet Eau de toilette,Fragrance,Eau de toilette,Meadowsweet,Purifying,Sensitive,26.83,EUR,100,36,18,No,,No,,No,Yes,3.8,"Eau de toilette with meadowsweet extract, for visible radiance.",https://placehold.co/400x400?text=Meadowsweet
PROD-2056,AB-FR-2056,Poppy Eau de toilette,Fragrance,Eau de toilette,Poppy,Firming,Oily,50.02,EUR,15,24,9,No,,No,,No,Yes,3.9,"Eau de toilette with poppy extract, for sensitive skin.",https://placehold.co/400x400?text=Poppy
PROD-2057,AB-FR-2057,Sweet almond Eau de toilette,Fragrance,Eau de toilette,Sweet almond,Purifying,Dry,22.87,EUR,15,24,0,No,,No,,No,Yes,4.6,"Eau de toilette with sweet almond extract, for a comfort ritual.",https://placehold.co/400x400?text=Sweet+almond
PROD-2058,AB-FR-2058,Chicory root Eau de parfum,Fragrance,Eau de parfum,Chicory root,Anti-ageing,All skin types,58.62,EUR,30,24,15,No,,No,,No,No,4.7,"Eau de parfum with chicory root extract, for long-lasting comfort.",https://placehold.co/400x400?text=Chicory+root
PROD-2059,AB-FR-2059,Sea fennel Eau de parfum,Fragrance,Eau de parfum,Sea fennel,Repair,Mature,21.28,EUR,100,36,15,No,,No,,Yes,No,4.3,"Eau de parfum with sea fennel extract, for visible radiance.",https://placehold.co/400x400?text=Sea+fennel
PROD-2060,AB-FR-2060,Oat kernel Eau de parfum,Fragrance,Eau de parfum,Oat kernel,Soothing,All skin types,18.32,EUR,30,36,55,No,,No,,No,Yes,4.3,"Eau de parfum with oat kernel extract, for daily use.",https://placehold.co/400x400?text=Oat+kernel
PROD-2061,AB-FR-2061,Oat kernel Scented mist,Fragrance,Scented mist,Oat kernel,Repair,All skin types,41.58,EUR,30,36,140,No,,No,,No,Yes,4.4,"Scented mist with oat kernel extract, for long-lasting comfort.",https://placehold.co/400x400?text=Oat+kernel
PROD-2062,AB-FR-2062,Camelina Scented mist,Fragrance,Scented mist,Camelina,Firming,All skin types,26.19,EUR,50,36,30,No,,No,,No,No,3.9,"Scented mist with camelina extract, for long-lasting comfort.",https://placehold.co/400x400?text=Camelina
PROD-2063,AB-FR-2063,Linden Scented mist,Fragrance,Scented mist,Linden,Soothing,Normal,25.67,EUR,30,36,4,No,,No,,No,Yes,4.7,"Scented mist with linden extract, for daily use.",https://placehold.co/400x400?text=Linden
PROD-2064,AB-FR-2064,Elderflower Solid perfume,Fragrance,Solid perfume,Elderflower,Anti-ageing,Mature,42.98,EUR,30,24,55,No,,No,,No,Yes,4.7,"Solid perfume with elderflower extract, for a comfort ritual.",https://placehold.co/400x400?text=Elderflower
PROD-2065,AB-FR-2065,Sweet almond Solid perfume,Fragrance,Solid perfume,Sweet almond,Purifying,Oily,21.01,EUR,15,36,9,No,,No,,No,Yes,4.2,"Solid perfume with sweet almond extract, for daily use.",https://placehold.co/400x400?text=Sweet+almond
PROD-2066,AB-FR-2066,Cornflower Solid perfume,Fragrance,Solid perfume,Cornflower,Firming,All skin types,27.83,EUR,30,24,15,No,,No,,No,No,3.8,"Solid perfume with cornflower extract, for sensitive skin.",https://placehold.co/400x400?text=Cornflower
PROD-2067,AB-MA-2067,Cornflower Lipstick,Makeup,Lipstick,Cornflower,Radiance,Dry,27.10,EUR,8,12,4,No,,No,01 Rose nude,Yes,No,3.8,"Lipstick with cornflower extract, for visible radiance.",https://placehold.co/400x400?text=Cornflower
PROD-2068,AB-MA-2068,Green tea Lipstick,Makeup,Lipstick,Green tea,Repair,Combination,21.48,EUR,8,6,30,No,,No,04 Prune,Yes,No,4.0,"Lipstick with green tea extract, for visible radiance.",https://placehold.co/400x400?text=Green+tea
PROD-2069,AB-MA-2069,Prickly pear Lipstick,Makeup,Lipstick,Prickly pear,Protection,Mature,9.78,EUR,4,12,80,No,,No,05 Beige clair,No,Yes,4.4,"Lipstick with prickly pear extract, for daily use.",https://placehold.co/400x400?text=Prickly+pear
PROD-2070,AB-MA-2070,Rosehip Tinted balm,Makeup,Tinted balm,Rosehip,Repair,All skin types,23.71,EUR,30,6,12,No,,No,,No,Yes,4.1,"Tinted balm with rosehip extract, for visible radiance.",https://placehold.co/400x400?text=Rosehip
PROD-2071,AB-MA-2071,Calendula Tinted balm,Makeup,Tinted balm,Calendula,Radiance,Mature,14.25,EUR,8,12,30,No,,No,03 Framboise,No,Yes,4.8,"Tinted balm with calendula extract, for visible radiance.",https://placehold.co/400x400?text=Calendula
PROD-2072,AB-MA-2072,Sweet almond Tinted balm,Makeup,Tinted balm,Sweet almond,Anti-ageing,Sensitive,18.11,EUR,4,6,9,No,,No,03 Framboise,Yes,Yes,4.7,"Tinted balm with sweet almond extract, for a comfort ritual.",https://placehold.co/400x400?text=Sweet+almond
PROD-2073,AB-MA-2073,Cornflower Mascara,Makeup,Mascara,Cornflower,Radiance,Mature,28.43,EUR,30,6,4,No,,No,01 Rose nude,Yes,Yes,4.8,"Mascara with cornflower extract, for daily use.",https://placehold.co/400x400?text=Cornflower
PROD-2074,AB-MA-2074,Prickly pear Mascara,Makeup,Mascara,Prickly pear,Hydration,Combination,12.61,EUR,8,6,30,No,,No,07 Bois de rose,No,Yes,3.8,"Mascara with prickly pear extract, for a comfort ritual.",https://placehold.co/400x400?text=Prickly+pear
PROD-2075,AB-MA-2075,Chicory root Mascara,Makeup,Mascara,Chicory root,Purifying,Combination,27.82,EUR,4,12,15,No,,No,05 Beige clair,Yes,Yes,4.2,"Mascara with chicory root extract, for a comfort ritual.",https://placehold.co/400x400?text=Chicory+root
PROD-2076,AB-MA-2076,Linden Foundation,Makeup,Foundation,Linden,Soothing,Oily,28.23,EUR,4,6,15,No,,No,,Yes,Yes,3.7,"Foundation with linden extract, for long-lasting comfort.",https://placehold.co/400x400?text=Linden
PROD-2077,AB-MA-2077,Prickly pear Foundation,Makeup,Foundation,Prickly pear,Hydration,Normal,25.58,EUR,8,12,15,No,,No,07 Bois de rose,Yes,Yes,3.8,"Foundation with prickly pear extract, for sensitive skin.",https://placehold.co/400x400?text=Prickly+pear
PROD-2078,AB-MA-2078,Sea fennel Foundation,Makeup,Foundation,Sea fennel,Repair,Mature,21.25,EUR,8,6,4,No,,No,04 Prune,Yes,Yes,4.0,"Foundation with sea fennel extract, for sensitive skin.",https://placehold.co/400x400?text=Sea+fennel
PROD-2079,AB-MA-2079,Green tea Blush,Makeup,Blush,Green tea,Anti-ageing,Oily,14.54,EUR,10,6,80,No,,No,05 Beige clair,No,No,3.8,"Blush with green tea extract, for long-lasting comfort.",https://placehold.co/400x400?text=Green+tea
PROD-2080,AB-MA-2080,Camelina Blush,Makeup,Blush,Camelina,Purifying,All skin types,8.80,EUR,10,6,140,No,,No,07 Bois de rose,No,Yes,4.4,"Blush with camelina extract, for sensitive skin.",https://placehold.co/400x400?text=Camelina
PROD-2081,AB-MA-2081,Rosehip Blush,Makeup,Blush,Rosehip,Purifying,Mature,25.14,EUR,4,6,4,No,,No,06 Sable,Yes,No,4.3,"Blush with rosehip extract, for sensitive skin.",https://placehold.co/400x400?text=Rosehip
PROD-2082,AB-MA-2082,Hemp seed Brow pencil,Makeup,Brow pencil,Hemp seed,Repair,All skin types,8.71,EUR,8,6,30,No,,No,06 Sable,No,No,4.1,"Brow pencil with hemp seed extract, for long-lasting comfort.",https://placehold.co/400x400?text=Hemp+seed
PROD-2083,AB-MA-2083,Prickly pear Brow pencil,Makeup,Brow pencil,Prickly pear,Radiance,Dry,11.31,EUR,8,6,30,No,,No,02 Terracotta,Yes,No,4.7,"Brow pencil with prickly pear extract, for long-lasting comfort.",https://placehold.co/400x400?text=Prickly+pear
PROD-2084,AB-MA-2084,Chicory root Brow pencil,Makeup,Brow pencil,Chicory root,Soothing,Mature,18.78,EUR,10,6,0,No,,No,02 Terracotta,No,Yes,3.8,"Brow pencil with chicory root extract, for sensitive skin.",https://placehold.co/400x400?text=Chicory+root
PROD-2085,AB-ME-2085,Linden Face fluid,Men,Face fluid,Linden,Firming,Dry,21.05,EUR,75,12,33,No,,No,,No,Yes,4.1,"Face fluid with linden extract, for daily use.",https://placehold.co/400x400?text=Linden
PROD-2086,AB-ME-2086,Green tea Face fluid,Men,Face fluid,Green tea,Firming,Sensitive,26.77,EUR,50,12,0,No,,No,,Yes,Yes,3.8,"Face fluid with green tea extract, for sensitive skin.",https://placehold.co/400x400?text=Green+tea
PROD-2087,AB-ME-2087,Meadowsweet Face fluid,Men,Face fluid,Meadowsweet,Firming,Dry,10.32,EUR,75,12,140,No,,No,,No,Yes,4.2,"Face fluid with meadowsweet extract, for daily use.",https://placehold.co/400x400?text=Meadowsweet
PROD-2088,AB-ME-2088,Sweet almond Shave gel,Men,Shave gel,Sweet almond,Protection,Mature,20.11,EUR,150,12,9,No,,No,,Yes,Yes,3.7,"Shave gel with sweet almond extract, for sensitive skin.",https://placehold.co/400x400?text=Sweet+almond
PROD-2089,AB-ME-2089,Angelica Shave gel,Men,Shave gel,Angelica,Firming,All skin types,15.69,EUR,50,24,80,No,,No,,Yes,Yes,4.3,"Shave gel with angelica extract, for a comfort ritual.",https://placehold.co/400x400?text=Angelica
PROD-2090,AB-ME-2090,Cornflower Hand cream (gift size),Men,Shave gel,Chicory root,Anti-ageing,Normal,0.00,EUR,30,12,200,No,,Yes,,No,Yes,4.6,"Shave gel with chicory root extract, for sensitive skin.",https://placehold.co/400x400?text=Chicory+root
PROD-2091,AB-ME-2091,Prickly pear After-shave balm,Men,After-shave balm,Prickly pear,Firming,Normal,24.63,EUR,75,24,80,No,,No,,No,Yes,4.0,"After-shave balm with prickly pear extract, for a comfort ritual.",https://placehold.co/400x400?text=Prickly+pear
PROD-2092,AB-ME-2092,Calendula After-shave balm,Men,After-shave balm,Calendula,Protection,Dry,9.14,EUR,200,12,30,No,,No,,Yes,Yes,3.6,"After-shave balm with calendula extract, for sensitive skin.",https://placehold.co/400x400?text=Calendula
PROD-2093,AB-ME-2093,Elderflower After-shave balm,Men,After-shave balm,Elderflower,Hydration,Sensitive,15.66,EUR,75,12,15,No,,No,,Yes,Yes,4.6,"After-shave balm with elderflower extract, for daily use.",https://placehold.co/400x400?text=Elderflower
PROD-2094,AB-ME-2094,Cornflower Hair and body wash,Men,Hair and body wash,Cornflower,Purifying,Oily,23.19,EUR,150,24,30,No,,No,,No,No,4.2,"Hair and body wash with cornflower extract, for daily use.",https://placehold.co/400x400?text=Cornflower
PROD-2095,AB-ME-2095,Camelina Hair and body wash,Men,Hair and body wash,Camelina,Firming,All skin types,20.85,EUR,150,12,140,No,,No,,Yes,Yes,3.5,"Hair and body wash with camelina extract, for visible radiance.",https://placehold.co/400x400?text=Camelina
PROD-2096,AB-ME-2096,Chicory root Hair and body wash,Men,Hair and body wash,Chicory root,Hydration,Oily,9.29,EUR,50,12,80,No,,No,,No,Yes,4.4,"Hair and body wash with chicory root extract, for sensitive skin.",https://placehold.co/400x400?text=Chicory+root
